"f_788-1"	"Points:0"	"Points:1"	"Points:2"
-0.87055	-0.5	-0.1	0
-1.8662	-0.25	-0.1	0
2.083	0.25	-0.1	0
-0.87055	0.5	-0.1	0
-0.87055	0.5	0.1	0
2.083	0.25	0.1	0
-1.8662	-0.25	0.1	0
-0.87055	-0.5	0.1	0
-0.99097	-0.49	-0.1	0
-1.1071	-0.48	-0.1	0
-1.2186	-0.47	-0.1	0
-1.3248	-0.46	-0.1	0
-1.4255	-0.45	-0.1	0
-1.5202	-0.44	-0.1	0
-1.6085	-0.43	-0.1	0
-1.6902	-0.42	-0.1	0
-1.7648	-0.41	-0.1	0
-1.8321	-0.4	-0.1	0
-1.892	-0.39	-0.1	0
-1.944	-0.38	-0.1	0
-1.988	-0.37	-0.1	0
-2.024	-0.36	-0.1	0
-2.0517	-0.35	-0.1	0
-2.071	-0.34	-0.1	0
-2.0818	-0.33	-0.1	0
-2.0842	-0.32	-0.1	0
-2.0778	-0.31	-0.1	0
-2.0631	-0.3	-0.1	0
-2.04	-0.29	-0.1	0
-2.0087	-0.28	-0.1	0
-1.9691	-0.27	-0.1	0
-1.9214	-0.26	-0.1	0
-1.8006	-0.24	-0.1	0
-1.7273	-0.23	-0.1	0
-1.6469	-0.22	-0.1	0
-1.5588	-0.21	-0.1	0
-1.4639	-0.2	-0.1	0
-1.3625	-0.19	-0.1	0
-1.2549	-0.18	-0.1	0
-1.1419	-0.17	-0.1	0
-1.0237	-0.16	-0.1	0
-0.90077	-0.15	-0.1	0
-0.7735	-0.14	-0.1	0
-0.6426	-0.13	-0.1	0
-0.50858	-0.12	-0.1	0
-0.37197	-0.11	-0.1	0
-0.23331	-0.1	-0.1	0
-0.093105	-0.09	-0.1	0
0.04802	-0.08	-0.1	0
0.18947	-0.07	-0.1	0
0.33071	-0.06	-0.1	0
0.47113	-0.05	-0.1	0
0.61022	-0.04	-0.1	0
0.74734	-0.03	-0.1	0
0.88194	-0.02	-0.1	0
1.0135	-0.01	-0.1	0
1.1415	-6.8806e-13	-0.1	0
1.2654	0.01	-0.1	0
1.3846	0.02	-0.1	0
1.4989	0.03	-0.1	0
1.6077	0.04	-0.1	0
1.7104	0.05	-0.1	0
1.8066	0.06	-0.1	0
1.896	0.07	-0.1	0
1.9783	0.08	-0.1	0
2.0532	0.09	-0.1	0
2.1201	0.1	-0.1	0
2.179	0.11	-0.1	0
2.2295	0.12	-0.1	0
2.2716	0.13	-0.1	0
2.3049	0.14	-0.1	0
2.3293	0.15	-0.1	0
2.3449	0.16	-0.1	0
2.3514	0.17	-0.1	0
2.3488	0.18	-0.1	0
2.3374	0.19	-0.1	0
2.3168	0.2	-0.1	0
2.2872	0.21	-0.1	0
2.2489	0.22	-0.1	0
2.2014	0.23	-0.1	0
2.1466	0.24	-0.1	0
2.0147	0.26	-0.1	0
1.9394	0.27	-0.1	0
1.8572	0.28	-0.1	0
1.7683	0.29	-0.1	0
1.673	0.3	-0.1	0
1.5718	0.31	-0.1	0
1.465	0.32	-0.1	0
1.3531	0.33	-0.1	0
1.2365	0.34	-0.1	0
1.1156	0.35	-0.1	0
0.99092	0.36	-0.1	0
0.86289	0.37	-0.1	0
0.73207	0.38	-0.1	0
0.59891	0.39	-0.1	0
0.46388	0.4	-0.1	0
0.3276	0.41	-0.1	0
0.19055	0.42	-0.1	0
0.053259	0.43	-0.1	0
-0.083734	0.44	-0.1	0
-0.21992	0.45	-0.1	0
-0.35474	0.46	-0.1	0
-0.48773	0.47	-0.1	0
-0.61832	0.48	-0.1	0
-0.74604	0.49	-0.1	0
-0.87032	0.5	-0.09	0
-0.87035	0.5	-0.08	0
-0.87054	0.5	-0.07	0
-0.87043	0.5	-0.06	0
-0.87037	0.5	-0.05	0
-0.87053	0.5	-0.04	0
-0.8704	0.5	-0.03	0
-0.8705	0.5	-0.02	0
-0.87035	0.5	-0.01	0
-0.87049	0.5	-2.6559e-13	0
-0.87035	0.5	0.01	0
-0.87038	0.5	0.02	0
-0.8704	0.5	0.03	0
-0.87057	0.5	0.04	0
-0.87044	0.5	0.05	0
-0.87054	0.5	0.06	0
-0.87039	0.5	0.07	0
-0.87038	0.5	0.08	0
-0.87035	0.5	0.09	0
-0.74604	0.49	0.1	0
-0.61832	0.48	0.1	0
-0.48773	0.47	0.1	0
-0.35474	0.46	0.1	0
-0.21992	0.45	0.1	0
-0.083734	0.44	0.1	0
0.053259	0.43	0.1	0
0.19055	0.42	0.1	0
0.3276	0.41	0.1	0
0.46388	0.4	0.1	0
0.59891	0.39	0.1	0
0.73207	0.38	0.1	0
0.86289	0.37	0.1	0
0.99092	0.36	0.1	0
1.1156	0.35	0.1	0
1.2365	0.34	0.1	0
1.3531	0.33	0.1	0
1.465	0.32	0.1	0
1.5718	0.31	0.1	0
1.673	0.3	0.1	0
1.7683	0.29	0.1	0
1.8572	0.28	0.1	0
1.9394	0.27	0.1	0
2.0147	0.26	0.1	0
2.1466	0.24	0.1	0
2.2014	0.23	0.1	0
2.2489	0.22	0.1	0
2.2872	0.21	0.1	0
2.3168	0.2	0.1	0
2.3374	0.19	0.1	0
2.3488	0.18	0.1	0
2.3514	0.17	0.1	0
2.3449	0.16	0.1	0
2.3293	0.15	0.1	0
2.3049	0.14	0.1	0
2.2716	0.13	0.1	0
2.2295	0.12	0.1	0
2.179	0.11	0.1	0
2.1201	0.1	0.1	0
2.0532	0.09	0.1	0
1.9783	0.08	0.1	0
1.896	0.07	0.1	0
1.8066	0.06	0.1	0
1.7104	0.05	0.1	0
1.6077	0.04	0.1	0
1.4989	0.03	0.1	0
1.3846	0.02	0.1	0
1.2654	0.01	0.1	0
1.1415	6.8806e-13	0.1	0
1.0135	-0.01	0.1	0
0.88194	-0.02	0.1	0
0.74734	-0.03	0.1	0
0.61022	-0.04	0.1	0
0.47113	-0.05	0.1	0
0.33071	-0.06	0.1	0
0.18947	-0.07	0.1	0
0.04802	-0.08	0.1	0
-0.093105	-0.09	0.1	0
-0.23331	-0.1	0.1	0
-0.37197	-0.11	0.1	0
-0.50858	-0.12	0.1	0
-0.6426	-0.13	0.1	0
-0.7735	-0.14	0.1	0
-0.90077	-0.15	0.1	0
-1.0237	-0.16	0.1	0
-1.1419	-0.17	0.1	0
-1.2549	-0.18	0.1	0
-1.3625	-0.19	0.1	0
-1.4639	-0.2	0.1	0
-1.5588	-0.21	0.1	0
-1.6469	-0.22	0.1	0
-1.7273	-0.23	0.1	0
-1.8006	-0.24	0.1	0
-1.9214	-0.26	0.1	0
-1.9691	-0.27	0.1	0
-2.0087	-0.28	0.1	0
-2.04	-0.29	0.1	0
-2.0631	-0.3	0.1	0
-2.0778	-0.31	0.1	0
-2.0842	-0.32	0.1	0
-2.0818	-0.33	0.1	0
-2.071	-0.34	0.1	0
-2.0517	-0.35	0.1	0
-2.024	-0.36	0.1	0
-1.988	-0.37	0.1	0
-1.944	-0.38	0.1	0
-1.892	-0.39	0.1	0
-1.8321	-0.4	0.1	0
-1.7648	-0.41	0.1	0
-1.6902	-0.42	0.1	0
-1.6085	-0.43	0.1	0
-1.5202	-0.44	0.1	0
-1.4255	-0.45	0.1	0
-1.3248	-0.46	0.1	0
-1.2186	-0.47	0.1	0
-1.1071	-0.48	0.1	0
-0.99097	-0.49	0.1	0
-0.87035	-0.5	0.09	0
-0.87038	-0.5	0.08	0
-0.87039	-0.5	0.07	0
-0.87054	-0.5	0.06	0
-0.87044	-0.5	0.05	0
-0.87057	-0.5	0.04	0
-0.8704	-0.5	0.03	0
-0.87038	-0.5	0.02	0
-0.87035	-0.5	0.01	0
-0.87049	-0.5	2.6559e-13	0
-0.87035	-0.5	-0.01	0
-0.8705	-0.5	-0.02	0
-0.8704	-0.5	-0.03	0
-0.87053	-0.5	-0.04	0
-0.87037	-0.5	-0.05	0
-0.87043	-0.5	-0.06	0
-0.87054	-0.5	-0.07	0
-0.87035	-0.5	-0.08	0
-0.87032	-0.5	-0.09	0
-1.8659	-0.25	0.09	0
-1.8655	-0.25	0.08	0
-1.8663	-0.25	0.07	0
-1.866	-0.25	0.06	0
-1.8664	-0.25	0.05	0
-1.8658	-0.25	0.04	0
-1.8657	-0.25	0.03	0
-1.8658	-0.25	0.02	0
-1.8663	-0.25	0.01	0
-1.8657	-0.25	2.6559e-13	0
-1.8658	-0.25	-0.01	0
-1.8661	-0.25	-0.02	0
-1.8657	-0.25	-0.03	0
-1.8659	-0.25	-0.04	0
-1.8662	-0.25	-0.05	0
-1.866	-0.25	-0.06	0
-1.866	-0.25	-0.07	0
-1.8657	-0.25	-0.08	0
-1.8658	-0.25	-0.09	0
2.0827	0.25	0.09	0
2.0824	0.25	0.08	0
2.083	0.25	0.07	0
2.083	0.25	0.06	0
2.083	0.25	0.05	0
2.0827	0.25	0.04	0
2.0825	0.25	0.03	0
2.0826	0.25	0.02	0
2.0831	0.25	0.01	0
2.0826	0.25	2.6559e-13	0
2.0826	0.25	-0.01	0
2.0832	0.25	-0.02	0
2.0825	0.25	-0.03	0
2.0827	0.25	-0.04	0
2.083	0.25	-0.05	0
2.0829	0.25	-0.06	0
2.0832	0.25	-0.07	0
2.0824	0.25	-0.08	0
2.0828	0.25	-0.09	0
-1.9191	-0.385	-2.0817e-17	0
-2.0841	-0.32175	0.030076	0
-2.0814	-0.33021	-0.03499	0
-1.55	-0.43669	0.036694	0
-1.565	-0.43503	-0.035604	0
-1.9882	-0.37003	0.049478	0
-1.9542	-0.37785	-0.049604	0
-2.0521	-0.29492	-0.0076492	0
-2.0479	-0.29305	-0.056948	0
-1.3414	-0.45837	-0.0012153	0
-2.0436	-0.29139	0.058605	0
-1.7935	-0.40586	0.062681	0
-2.0603	-0.34598	-6.7803e-06	0
-1.2764	-0.46462	0.061002	0
-1.283	-0.46401	-0.063219	0
-2.0772	-0.33483	0.063638	0
-1.6796	-0.42136	0.003541	0
-1.7501	-0.41201	-0.063567	0
-2.0582	-0.34714	-0.065353	0
-2.024	-0.28458	0.024955	0
-1.8085	-0.40363	-0.029576	0
-1.8271	-0.4008	0.029124	0
-1.2355	-0.46845	0.030124	0
-1.2398	-0.46805	-0.030109	0
-2.0268	-0.35901	-0.026837	0
-1.576	-0.43377	0.070492	0
-2.0834	-0.31839	-0.07132	0
-2.0036	-0.27863	-0.031587	0
-2.0543	-0.34868	0.027717	0
-1.9336	-0.38211	0.072725	0
-1.5419	-0.4376	-0.073793	0
-2.0838	-0.31963	0.0025951	0
-1.9025	-0.38807	-0.073966	0
-1.9702	-0.37424	0.023501	0
-2.071	-0.30472	-0.031175	0
-2.0799	-0.31213	0.074854	0
-1.9908	-0.27528	-0.073361	0
-2.0325	-0.35717	0.075386	0
-1.9869	-0.27422	0.07514	0
-1.9889	-0.27479	0.004924	0
-1.539	-0.43792	-0.014188	0
-2.0808	-0.31341	0.049858	0
-1.9809	-0.27277	0.045439	0
-1.936	-0.38164	-0.022746	0
-2.0076	-0.36486	-0.078753	0
-1.5121	-0.44086	0.014626	0
-1.1368	-0.47737	0.010852	0
-2.0595	-0.29823	-0.078284	0
-1.9789	-0.27225	-0.051342	0
-1.1276	-0.47818	0.078117	0
-1.1266	-0.47827	-0.078241	0
-1.1303	-0.47797	-0.011227	0
-2.0673	-0.30221	0.019628	0
-2.0826	-0.31627	-0.049725	0
-1.8869	-0.39092	0.047146	0
-1.1261	-0.47834	0.047721	0
-1.1212	-0.47875	-0.048669	0
-1.7057	-0.41802	0.039271	0
-1.7265	-0.41526	0.080487	0
-2.0539	-0.34897	-0.045621	0
-2.0813	-0.33113	-0.015208	0
-2.0124	-0.36352	-0.0053262	0
-1.8394	-0.39888	-0.047258	0
-1.8057	-0.40408	-0.0074599	0
-1.4044	-0.45215	0.07884	0
-2.0759	-0.33619	0.041007	0
-1.7021	-0.41848	-0.046997	0
-1.6429	-0.42589	0.025674	0
-2.0698	-0.30363	0.037827	0
-1.3789	-0.45471	0.04495	0
-1.3831	-0.4543	-0.045729	0
-2.0771	-0.33543	-0.080225	0
-1.3995	-0.45263	-0.080643	0
-2.0444	-0.29149	0.082065	0
-2.0783	-0.33439	0.015223	0
-1.9584	-0.2676	-0.014953	0
-1.7063	-0.41793	-0.08286	0
-1.6883	-0.42024	-0.027206	0
-2.0821	-0.32966	0.080904	0
-2.051	-0.3505	0.054274	0
-2.0803	-0.3124	-0.013656	0
-1.5689	-0.43458	-0.052184	0
-1.8408	-0.39858	0.08125	0
-2.0784	-0.33392	-0.051634	0
-1.8022	-0.40457	0.01083	0
-2.03	-0.35813	0.012641	0
-1.3813	-0.45447	-0.017407	0
-2.0105	-0.36399	-0.060587	0
-1.6036	-0.43058	0.052722	0
-1.9573	-0.26733	0.019452	0
-1.8174	-0.40228	-0.08281	0
-1.4258	-0.44997	0.02797	0
-1.9542	-0.2667	0.060894	0
-1.4633	-0.44609	0.059164	0
-1.0615	-0.48397	0.025503	0
-1.899	-0.38875	0.016778	0
-2.0388	-0.28962	0.0074536	0
-1.0614	-0.48398	-0.026816	0
-1.3264	-0.45985	0.015275	0
-2.0444	-0.29164	-0.040587	0
-2.0512	-0.35022	-0.083661	0
-2.0561	-0.34794	-0.015152	0
-2.011	-0.36384	-0.043002	0
-1.9882	-0.36995	0.082644	0
-1.0616	-0.48397	0.063235	0
-1.0622	-0.48392	-0.063254	0
-1.9988	-0.36725	0.065106	0
-2.0444	-0.29167	-0.02264	0
-2.0621	-0.34507	0.085223	0
-1.9011	-0.38834	-0.037443	0
-2.0137	-0.36309	0.034134	0
-2.0796	-0.31189	-0.084757	0
-1.4478	-0.4477	-0.061303	0
-1.9466	-0.26508	-0.037945	0
-1.5671	-0.4348	0.085228	0
-2.0329	-0.28757	0.044061	0
-1.9433	-0.26438	-0.085617	0
-1.6873	-0.42034	0.064198	0
-2.0673	-0.34213	-0.027903	0
-1.9127	-0.38614	0.03024	0
-2.0252	-0.28493	-0.085595	0
-1.9392	-0.2636	-0.064511	0
-1.267	-0.4655	0.085833	0
-1.8838	-0.39139	0.062276	0
-1.952	-0.37824	-0.085196	0
-1.9749	-0.37316	0.0087693	0
-1.8948	-0.38947	-0.059302	0
-2.0739	-0.3068	-0.062137	0
-1.4243	-0.45011	-0.03121	0
-1.4902	-0.44324	0.00040501	0
-1.9408	-0.2639	0.086102	0
-1.9407	-0.26387	0.033787	0
-1.7052	-0.41804	-0.010896	0
-2.072	-0.30538	0.0018552	0
-1.5597	-0.43562	-0.085527	0
-2.0841	-0.32106	0.064793	0
-1.9253	-0.38375	0.086496	0
-2.0832	-0.31819	-0.028349	0
-2.013	-0.2813	-0.0073808	0
-1.9578	-0.377	-0.06502	0
-1.8866	-0.3909	-0.012998	0
-2.0717	-0.30507	0.062534	0
-2.0777	-0.33458	0.029381	0
-2.0693	-0.30349	0.086564	0
-1.8188	-0.40208	0.046941	0
-1.6344	-0.4269	-0.065691	0
-2.0798	-0.33227	-0.06941	0
-2.0832	-0.31708	0.012824	0
-2.0327	-0.28741	-0.067331	0
-1.0267	-0.48697	-0.00021165	0
-2.0779	-0.33454	-0.00067054	0
-1.2437	-0.46768	-0.08667	0
-1.9507	-0.3786	0.056929	0
-2.0111	-0.2807	0.087655	0
-1.0272	-0.48693	0.038342	0
-1.9725	-0.37374	-0.0334	0
-1.8276	-0.40069	-0.07031	0
-1.936	-0.2629	-0.0059158	0
-1.9987	-0.27727	0.06431	0
-1.2191	-0.46997	-0.0012053	0
-2.0644	-0.3008	0.04826	0
-2.0461	-0.35222	0.04218	0
-2.0845	-0.3239	-0.086846	0
-2.0555	-0.34821	0.066221	0
-2.0842	-0.32048	0.042907	0
-1.0337	-0.48636	0.087855	0
-1.0308	-0.48661	-0.087979	0
-1.0233	-0.48726	-0.039155	0
-1.2478	-0.46732	0.043009	0
-1.2828	-0.46401	-0.051353	0
-1.9381	-0.26331	-0.026482	0
-1.9905	-0.36934	-0.019383	0
-2.0677	-0.30262	-0.047567	0
-1.8856	-0.39112	-0.087381	0
-2.0832	-0.318	0.087562	0
-2.0397	-0.35468	0.08809	0
-2.06	-0.34616	0.013487	0
-1.9523	-0.37821	-0.010688	0
-1.464	-0.446	0.048815	0
-1.9765	-0.37288	0.039196	0
-1.2426	-0.4678	-0.017818	0
-1.9311	-0.26184	0.073833	0
-2.083	-0.32744	0.053381	0
-1.9315	-0.26197	0.0093266	0
-1.5627	-0.43526	0.02519	0
-1.6167	-0.42899	0.012902	0
-1.2591	-0.46623	-0.072891	0
-1.7565	-0.41116	0.030349	0
-2.0028	-0.27836	-0.065404	0
-1.5566	-0.43596	-0.024074	0
-1.595	-0.4316	-0.0029044	0
-2.021	-0.2835	-0.049542	0
-1.7741	-0.40869	-0.040101	0
-2.0764	-0.30874	0.0275	0
-1.8031	-0.40447	0.072792	0
-0.99244	-0.48987	0.014283	0
-1.4938	-0.44286	-0.047017	0
-1.6489	-0.42517	0.089939	0
-1.7857	-0.40706	0.088391	0
-2.0839	-0.32091	-0.058464	0
-2.0006	-0.27771	0.015962	0
-1.2477	-0.46729	0.073172	0
-1.9839	-0.27352	0.034696	0
-1.8567	-0.39605	0.0017678	0
-1.9393	-0.2635	0.049936	0
-2.0491	-0.29365	0.025084	0
-2.0732	-0.3385	0.07306	0
-1.6492	-0.4251	0.03475	0
-2.0467	-0.35198	-0.0547	0
-1.4765	-0.44471	-0.090196	0
-2.0162	-0.28218	-0.022791	0
-2.0305	-0.35789	0.0015923	0
-1.3984	-0.45273	0.010407	0
-2.007	-0.365	-0.089474	0
-1.7622	-0.4104	-0.055004	0
-0.96388	-0.49227	0.074772	0
-0.96467	-0.49221	-0.074799	0
-2.0547	-0.29581	0.068276	0
-2.0652	-0.30088	-0.016505	0
-0.99268	-0.48987	-0.014643	0
-1.8829	-0.39164	-0.027955	0
-2.0843	-0.32053	-0.038375	0
-1.6403	-0.42619	-0.034816	0
-1.7345	-0.41417	0.01312	0
-1.1729	-0.47415	0.061277	0
-1.1745	-0.47401	-0.057351	0
-1.7287	-0.41493	0.054067	0
-1.7657	-0.40986	-0.015368	0
-2.0306	-0.35796	-0.069817	0
-2.0791	-0.31141	0.040845	0
-1.4809	-0.44425	0.089373	0
-1.6876	-0.42031	-0.055083	0
-1.0015	-0.48913	0.053249	0
-0.98612	-0.49041	-0.054632	0
-1.9256	-0.26072	-0.054947	0
-2.0519	-0.29456	-0.088898	0
-1.3993	-0.45264	0.068656	0
-1.1497	-0.47625	0.08904	0
-1.7497	-0.41206	-0.089965	0
-1.7677	-0.40961	-0.074015	0
-2.0703	-0.34033	-0.044347	0
-1.1683	-0.47457	0.020358	0
-1.988	-0.27448	-0.089879	0
-2.0844	-0.32189	-0.0082888	0
-2.0178	-0.28259	0.052967	0
-1.1459	-0.47659	-0.038697	0
-1.8283	-0.4006	-0.058854	0
-1.9215	-0.25996	-0.074434	0
-2.024	-0.36009	-0.016999	0
-2.0762	-0.33637	0.053225	0
-2.0775	-0.33476	-0.024913	0
-1.7623	-0.41035	0.0018871	0
-2.0758	-0.30796	-0.073374	0
-1.4464	-0.44786	-0.071041	0
-2.0246	-0.28467	0.073135	0
-1.4161	-0.45096	-0.0066614	0
-1.6422	-0.42599	0.077829	0
-1.9874	-0.27435	-0.041288	0
-1.475	-0.44485	-0.021036	0
-2.0281	-0.35867	0.024139	0
-1.7407	-0.41332	-0.031499	0
-1.855	-0.39634	0.038981	0
-1.8815	-0.39188	0.072415	0
-2.0778	-0.33476	0.090345	0
-2.0322	-0.35728	0.06284	0
-1.1367	-0.47741	0.037751	0
-1.6471	-0.42538	-0.090521	0
-1.784	-0.40725	0.02112	0
-2.0678	-0.34189	-0.089469	0
-1.6269	-0.42785	-0.043241	0
-2.0634	-0.34439	-0.075832	0
-1.3139	-0.46104	0.052544	0
-1.2734	-0.4649	-0.040908	0
-1.6328	-0.42713	-0.015578	0
-2.0588	-0.29769	-0.067495	0
-1.3374	-0.4588	0.035285	0
-1.4603	-0.44642	0.038093	0
-2.0357	-0.35612	-0.036696	0
-2.0708	-0.3402	-0.0090624	0
-1.5047	-0.44167	0.077538	0
-1.3583	-0.45675	0.089557	0
-2.0424	-0.29072	0.034426	0
-2.0657	-0.34315	-0.053581	0
-2.0542	-0.29578	0.09208	0
-1.9015	-0.3883	-0.048324	0
-1.8469	-0.39763	-0.036484	0
-1.3663	-0.45595	-0.055571	0
-2.0772	-0.30932	-0.041745	0
-2.0842	-0.32144	0.073372	0
-1.3067	-0.46173	-0.009386	0
-1.1463	-0.47655	-0.089145	0
-1.8357	-0.39947	-0.018044	0
-1.9681	-0.37485	-0.0021699	0
-2.0664	-0.34285	0.0365	0
-1.9594	-0.37679	-0.075525	0
-2.005	-0.3655	0.074408	0
-2.0838	-0.32501	-0.049016	0
-2.044	-0.3531	-0.0072963	0
-2.0803	-0.31261	-0.0039331	0
-2.0842	-0.32004	-0.019385	0
-1.9165	-0.25904	0.025904	0
-1.9927	-0.36881	-0.051121	0
-2.0836	-0.32559	-0.076712	0
-1.9113	-0.25803	-0.01524	0
-1.9463	-0.37955	0.046948	0
-2.0838	-0.32559	0.010312	0
-2.0839	-0.32567	0.020724	0
-1.5505	-0.43665	0.060923	0
-1.1711	-0.47432	-0.069499	0
-1.1613	-0.47519	0.070664	0
-1.3501	-0.45756	-0.090348	0
-1.8428	-0.3983	0.019076	0
-1.8731	-0.39333	0.090052	0
-1.5587	-0.43572	0.0075542	0
-2.0272	-0.35892	0.048403	0
-1.3384	-0.45867	-0.026676	0
-2.0678	-0.3025	0.077037	0
-1.6194	-0.42873	0.041153	0
-2.0705	-0.34014	0.0068156	0
-1.2284	-0.4691	0.010156	0
-1.6232	-0.42827	-0.07914	0
-2.0686	-0.34139	0.022531	0
-2.0545	-0.29587	-0.031257	0
-1.9777	-0.27202	0.091443	0
-2.0188	-0.28288	0.0011135	0
-2.0398	-0.28978	0.015754	0
-1.5492	-0.43681	-0.063674	0
-1.8482	-0.39744	0.05626	0
-2.072	-0.30527	-0.091675	0
-1.9824	-0.27314	-0.023782	0
-1.912	-0.25821	-0.044898	0
-1.9136	-0.25849	0.065048	0
-1.9633	-0.37587	0.090819	0
-1.3448	-0.45806	-0.07155	0
-1.3374	-0.45878	0.024765	0
-1.789	-0.40655	0.038735	0
-1.9809	-0.27274	-0.0049927	0
-1.1454	-0.47662	-0.021374	0
-1.951	-0.37857	0.014561	0
-1.4907	-0.44317	0.068263	0
-1.9914	-0.36914	-0.067847	0
-1.9965	-0.36791	0.016363	0
-2.0111	-0.3639	0.091179	0
-1.4274	-0.44981	0.017538	0
-2.0777	-0.30976	-0.023856	0
-2.0341	-0.28778	-0.01362	0
-1.487	-0.44357	-0.080101	0
-1.5122	-0.44087	0.029928	0
-2.0603	-0.2986	0.0093555	0
-2.0761	-0.30839	0.010719	0
-2.0695	-0.30371	-0.0071365	0
-2.0363	-0.35589	-0.091749	0
-2.0738	-0.33793	-0.061675	0
-2.0794	-0.33286	-0.091471	0
-2.0642	-0.34387	0.045533	0
-1.885	-0.39123	0.024861	0
-1.9136	-0.25853	0.041481	0
-1.7301	-0.41482	0.071225	0
-2.0055	-0.36541	-0.034231	0
-2.0573	-0.34744	0.076075	0
-1.7261	-0.41529	0.092142	0
-2.0838	-0.3258	0.09125	0
-1.9922	-0.27561	0.025763	0
-1.8025	-0.40452	-0.091593	0
-1.842	-0.39839	0.065835	0
-2.0115	-0.36378	0.056343	0
-1.6832	-0.42089	0.048634	0
-2.0326	-0.35707	-0.047249	0
-1.3968	-0.45289	0.053476	0
-2.0821	-0.32926	0.069958	0
-2.0828	-0.3282	0.036213	0
-0.97046	-0.49172	-0.024017	0
-2.0508	-0.35032	-0.025502	0
-0.96369	-0.49228	0.045412	0
-1.9791	-0.37217	-0.042363	0
-0.97677	-0.49119	0.030601	0
-1.6909	-0.41992	-0.071723	0
-1.4715	-0.44525	-0.038563	0
-2.0378	-0.28919	-0.078071	0
-2.0636	-0.30024	-0.039368	0
-1.8657	-0.39451	-0.078871	0
-1.8581	-0.39581	0.010607	0
-0.96368	-0.49227	0.0062087	0
-1.909	-0.25767	0.016937	0
-1.9799	-0.27257	0.054709	0
-2.0032	-0.36608	0.0046806	0
-1.9619	-0.37615	0.065068	0
-1.9052	-0.25694	-0.034054	0
-2.0224	-0.28413	-0.058804	0
-2.0825	-0.31601	-0.093038	0
-1.9247	-0.38389	-0.092222	0
-1.9076	-0.38716	0.0079701	0
-0.96255	-0.49238	0.065142	0
-0.96453	-0.49222	-0.065334	0
-2.0188	-0.28303	-0.038507	0
-2.0483	-0.35127	0.020028	0
-1.9715	-0.37395	-0.09192	0
-2.0517	-0.2945	0.0012238	0
-1.975	-0.37314	-0.058475	0
-0.96648	-0.49204	-0.0067947	0
-1.4903	-0.44323	-0.029277	0
-1.9297	-0.38287	0.023441	0
-1.9528	-0.37814	0.080654	0
-1.2253	-0.46937	-0.0099091	0
-1.9628	-0.26862	0.068787	0
-1.9702	-0.27027	0.011451	0
-1.9128	-0.25836	-0.09164	0
-1.3161	-0.46084	0.079232	0
-2.0328	-0.35708	-0.078297	0
-1.6228	-0.42829	0.062175	0
-0.95927	-0.49264	-0.045995	0
-2.0693	-0.34108	-0.019623	0
-2.0806	-0.31311	0.059462	0
-1.2062	-0.47112	0.053633	0
-1.3594	-0.45664	-0.03628	0
-2.0833	-0.32646	-0.027214	0
-1.8757	-0.39281	-0.067273	0
-2.0608	-0.34581	0.093191	0
-1.143	-0.47682	0.029014	0
-0.97044	-0.49172	0.022469	0
-2.0218	-0.36064	0.082228	0
-2.0096	-0.28028	0.040952	0
-2.0319	-0.28717	-0.031228	0
-1.4997	-0.4422	-0.055197	0
-1.911	-0.25804	0.091956	0
-1.9099	-0.38672	0.055091	0
-1.9849	-0.37071	0.030951	0
-2.0806	-0.31336	-0.057901	0
-1.1225	-0.47866	0.0011184	0
-1.1394	-0.47714	-0.030007	0
-1.8978	-0.38895	0.080113	0
-2.0641	-0.30058	-0.025087	0
-2.0528	-0.29503	-0.048517	0
-1.917	-0.38542	0.037821	0
-2.0294	-0.28635	0.063459	0
-1.6665	-0.42297	-0.0050812	0
-2.0831	-0.31768	-0.078932	0
-1.2003	-0.47165	-0.047396	0
-1.9336	-0.38211	-0.031068	0
-2.0465	-0.2925	0.050542	0
-2.0524	-0.29504	0.043023	0
-2.0731	-0.3383	-0.03567	0
-1.0814	-0.48224	0.017411	0
-2.0651	-0.30114	-0.056322	0
-1.8621	-0.39514	-0.0066127	0
-1.908	-0.25748	0.056943	0
-2.039	-0.35491	0.034178	0
-1.9514	-0.26612	-0.046084	0
-1.5659	-0.43492	0.093281	0
-2.0696	-0.30381	-0.083643	0
-1.9632	-0.26869	-0.078508	0
-1.9683	-0.37469	-0.025247	0
-0.96062	-0.49254	-0.033062	0
-2.049	-0.35098	0.0065463	0
-1.9397	-0.38087	-0.041586	0
-1.3245	-0.46003	0.0077019	0
-1.9989	-0.27738	-0.081031	0
-2.0331	-0.28759	0.09236	0
-2.0799	-0.31246	-0.033214	0
-1.6497	-0.42504	0.069367	0
-2.0133	-0.36324	0.041891	0
-1.0852	-0.48191	-0.055113	0
-1.1037	-0.48029	0.056029	0
-2.0793	-0.31145	0.092145	0
-1.9106	-0.25794	0.080796	0
-1.2697	-0.46525	0.093461	0
-1.9162	-0.3855	-0.082015	0
-2.0793	-0.31153	0.08322	0
-2.0253	-0.28495	-0.093581	0
-1.9204	-0.3847	-0.06662	0
-1.9831	-0.37115	-0.084107	0
-1.712	-0.41716	-0.018465	0
-1.9016	-0.25631	-0.064942	0
-2.0716	-0.33943	-0.070499	0
-1.0573	-0.48434	-0.071963	0
-1.782	-0.40753	0.080075	0
-1.9728	-0.2709	-0.032216	0
-1.9339	-0.38205	-0.056669	0
-1.95	-0.37866	0.030692	0
-1.9097	-0.25777	0.0018538	0
-2.0838	-0.31994	0.055728	0
-2.0736	-0.33793	0.081633	0
-1.966	-0.26932	-0.069353	0
-1.9691	-0.27002	-0.059903	0
-1.3774	-0.45484	-0.064297	0
-1.9029	-0.25654	-0.084338	0
-1.9495	-0.26572	-0.09335	0
-1.4389	-0.4486	-0.052963	0
-2.0611	-0.29904	0.056981	0
-1.2579	-0.46636	-0.093233	0
-1.9227	-0.38425	0.065184	0
-1.847	-0.39758	-0.092357	0
-1.9749	-0.27132	0.082823	0
-1.8981	-0.38887	-0.019951	0
-2.0826	-0.31628	0.023773	0
-2.0736	-0.3065	0.053965	0
-2.0208	-0.36089	0.069117	0
-1.7424	-0.41309	-0.0058345	0
-1.3624	-0.45633	0.060842	0
-1.9189	-0.385	0.094116	0
-2.0001	-0.36682	0.025429	0
-0.96313	-0.49233	0.092372	0
-0.96263	-0.49238	-0.092393	0
-2.0679	-0.34168	0.062084	0
-2.0719	-0.30529	0.069922	0
-1.5732	-0.43406	0.077772	0
-1.945	-0.26479	0.0939	0
-1.0552	-0.48452	0.072097	0
-2.0813	-0.3138	0.033599	0
-2.0383	-0.35514	-0.062161	0
-1.9014	-0.25627	0.034346	0
-1.2068	-0.47107	0.080643	0
-2.0757	-0.30825	-0.052566	0
-2.0349	-0.28828	-0.0052625	0
-1.9189	-0.38501	-0.0077228	0
-0.95857	-0.49272	-0.084303	0
-0.95902	-0.49268	0.084275	0
-1.3177	-0.46069	0.070209	0
-1.6792	-0.42138	0.057211	0
-1.7371	-0.4138	0.06079	0
-2.0602	-0.34603	-0.035956	0
-1.4989	-0.4423	-0.0073133	0
-2.081	-0.31357	0.067359	0
-1.5644	-0.43507	-0.093779	0
-1.0549	-0.48454	0.0076377	0
-1.9592	-0.26783	0.027368	0
-1.413	-0.45127	0.0028598	0
-1.4678	-0.44561	0.0088983	0
-2.0831	-0.32751	0.060902	0
-1.953	-0.26648	0.04084	0
-1.463	-0.4461	-0.013321	0
-1.7538	-0.41153	0.046894	0
-1.9832	-0.37116	0.058585	0
-1.6311	-0.42732	-0.058551	0
-2.0545	-0.34868	-0.09263	0
-1.8759	-0.39277	0.032087	0
-1.3015	-0.46224	-0.0804	0
-2.0748	-0.30755	0.046694	0
-1.9729	-0.37364	0.072333	0
-1.0495	-0.485	0.094469	0
-1.0495	-0.485	-0.094469	0
-2.0812	-0.31393	-0.065379	0
-2.0164	-0.28227	-0.075022	0
-2.0821	-0.3291	-0.059453	0
-2.084	-0.32425	-0.066588	0
-2.02	-0.36119	-0.05344	0
-2.0817	-0.32999	-0.042416	0
-1.8653	-0.39457	-0.053793	0
-1.9865	-0.37041	-0.012038	0
-1.8714	-0.39355	-0.042386	0
-1.5307	-0.43883	0.05321	0
-1.6188	-0.42876	-0.02779	0
-2.0105	-0.28054	0.079544	0
-1.26	-0.46615	0.020135	0
-1.8967	-0.2554	-0.005	0
-1.0496	-0.48499	-0.0066815	0
-2.0172	-0.28252	0.0087389	0
-1.4977	-0.44244	0.021833	0
-2.0843	-0.32158	0.081155	0
-2.082	-0.32939	0.045573	0
-1.2045	-0.47128	-0.080296	0
-2.0704	-0.30442	0.094167	0
-2.08	-0.33206	0.0060765	0
-1.0458	-0.48532	0.045471	0
-2.0439	-0.353	0.0814	0
-1.7655	-0.40988	-0.082842	0
-2.0817	-0.33008	-0.0071158	0
-1.7605	-0.41063	-0.023793	0
-1.7015	-0.41854	-0.037356	0
-1.9526	-0.26636	0.0027122	0
-1.4108	-0.45148	-0.024394	0
-1.7155	-0.41671	0.022825	0
-1.9995	-0.27746	-0.014587	0
-2.0477	-0.35153	-0.074137	0
-1.0793	-0.48242	0.03262	0
-1.9606	-0.37642	-0.017511	0
-1.5501	-0.43669	-0.043636	0
-1.9499	-0.37875	0.0041062	0
-1.4503	-0.44741	0.073324	0
-1.7832	-0.40736	0.054352	0
-1.0809	-0.48229	-0.033871	0
-1.6041	-0.4305	-0.071378	0
-1.0432	-0.48555	-0.046188	0
-1.062	-0.48393	-0.019579	0
-1.6245	-0.42809	0.006158	0
-2.0801	-0.31262	0.0048122	0
-1.5948	-0.43159	0.031606	0
-2.0028	-0.36613	-0.025821	0
-1.8107	-0.40328	0.0036649	0
-2.0782	-0.31044	0.018472	0
-2.0675	-0.34184	0.029143	0
-1.6958	-0.41927	-0.06245	0
-2.0273	-0.35891	-0.08481	0
-1.6937	-0.41952	0.030266	0
-2.0636	-0.30036	0.028992	0
-1.0483	-0.48511	-0.080951	0
-1.0486	-0.48508	0.080747	0
-2.0831	-0.3273	0.00048474	0
-1.7033	-0.41829	-0.093071	0
-1.5822	-0.43306	0.017742	0
-2.0793	-0.33286	0.022467	0
-1.8949	-0.25507	-0.025	0
-2.0825	-0.32834	0.027771	0
-2.0118	-0.28094	0.032158	0
-2.0839	-0.32468	-0.094464	0
-1.2323	-0.46872	0.067124	0
-1.6443	-0.42571	-0.051211	0
-2.0387	-0.355	0.094962	0
-2.0657	-0.34298	-0.082297	0
-1.7964	-0.40541	-0.064411	0
-1.9265	-0.38351	-0.015269	0
-2.041	-0.35409	0.069606	0
-1.5396	-0.43788	0.045114	0
-1.6671	-0.42291	0.015743	0
-1.9999	-0.27765	-0.056999	0
-0.83783	-0.14501	0.001247	0
2.3208	0.14615	0.00017692	0
0.68059	-0.034884	0.0011917	0
1.763	0.055366	0.009061	0
-0.09309	-0.09	-0.034875	0
-0.11774	-0.091752	0.036623	0
1.3166	0.014231	-0.03857	0
2.0969	0.096384	-0.03659	0
2.3392	0.18893	0.041317	0
-1.3587	-0.18964	-0.040392	0
-1.3571	-0.18948	0.038492	0
2.3388	0.18916	-0.041722	0
1.2033	0.0049418	0.042963	0
2.1361	0.10259	0.04079	0
-0.7529	-0.1384	-0.050456	0
0.57261	-0.042716	-0.049853	0
-0.74766	-0.13801	0.049775	0
0.571	-0.042826	0.050414	0
2.3121	0.14267	-0.051075	0
1.6944	0.048429	0.055032	0
2.3229	0.1471	0.053619	0
1.77	0.056115	-0.053471	0
-1.5281	-0.2067	-2.5542e-15	0
2.2977	0.2067	2.283e-15	0
1.337	0.015947	0.00402	0
2.0811	0.094042	0.0025674	0
0.11621	-0.075179	0.00016175	0
-0.36736	-0.10966	-0.0072151	0
0.98499	-0.012194	-0.065599	0
2.2673	0.21551	0.065554	0
-1.6065	-0.21532	0.06464	0
-1.6083	-0.21552	-0.064654	0
2.2658	0.2159	-0.064702	0
-0.31483	-0.10587	-0.064931	0
-0.309	-0.10544	0.066433	0
0.15611	-0.072357	-0.066267	0
1.6525	0.044297	-0.021003	0
-1.1263	-0.16864	-0.066548	0
-1.134	-0.1693	0.066211	0
0.14826	-0.072912	0.066165	0
1.9983	0.082579	0.065906	0
2.1969	0.11332	-0.066882	0
0.89911	-0.018716	-0.028921	0
0.96875	-0.013431	0.067935	0
2.3519	0.17139	-0.06714	0
2.3506	0.17661	0.011532	0
-1.2124	-0.17618	0.011846	0
1.4462	0.025321	-0.069376	0
2.2465	0.12376	-0.023058	0
2.3509	0.17577	0.068392	0
-1.0358	-0.16101	-0.027576	0
2.3462	0.16131	-0.026637	0
1.3911	0.020559	0.068177	0
2.2241	0.11887	0.068795	0
1.9185	0.072634	0.035977	0
2.2525	0.21907	0.028841	0
-1.6386	-0.21907	0.028841	0
-1.6318	-0.21824	-0.027965	0
2.2562	0.21826	-0.027951	0
-0.51584	-0.12053	0.024595	0
2.2733	0.13049	0.02851	0
0.8471	-0.022604	0.028306	0
1.9962	0.082279	-0.069591	0
0.44278	-0.052026	0.023781	0
0.29951	-0.062211	-0.028904	0
1.5351	0.033269	0.029822	0
1.9305	0.074061	-0.018102	0
-1.055	-0.16261	0.036603	0
-0.46513	-0.1168	-0.03192	0
2.3447	0.15999	0.029593	0
-1.3054	-0.18464	-0.01421	0
2.3443	0.18475	-0.014254	0
0.71728	-0.032202	-0.074057	0
-0.65365	-0.13084	-0.074384	0
-0.64451	-0.13014	0.072268	0
1.0154	-0.0098483	-0.0030431	0
2.2311	0.12039	0.0053124	0
-1.3844	-0.19211	-0.075292	0
-1.3844	-0.19211	0.075292	0
0.48959	-0.048682	0.074028	0
2.2921	0.13581	-0.074753	0
2.3307	0.19366	-0.075426	0
0.23816	-0.066555	0.044815	0
1.8041	0.059748	0.075438	0
2.3372	0.15426	0.076572	0
-0.79373	-0.14157	0.023856	0
1.9148	0.072231	-0.04153	0
-0.1433	-0.093573	0.012383	0
1.1362	-0.00042046	0.019768	0
1.6672	0.045746	-0.076588	0
-0.75419	-0.13851	-0.021936	0
0.6582	-0.036517	-0.023631	0
2.324	0.19683	0.07779	0
1.5698	0.036448	-0.043065	0
2.2195	0.22642	0.007847	0
-1.6993	-0.22643	0.0078392	0
1.5578	0.035375	-0.0019023	0
2.1433	0.10381	-0.017511	0
2.2092	0.11574	-0.045324	0
0.38305	-0.056284	-0.079244	0
2.1206	0.10014	0.079168	0
2.3303	0.19388	0.018461	0
-1.4054	-0.19416	0.018679	0
1.2315	0.0072255	-0.015078	0
2.2075	0.22893	0.048311	0
-1.7412	-0.23181	0.048597	0
-1.7076	-0.22741	-0.047823	0
2.2145	0.22756	-0.047538	0
-0.076206	-0.088802	-0.081434	0
-0.35976	-0.10911	0.043831	0
1.2282	0.0069762	-0.077994	0
2.0663	0.091852	0.023921	0
2.2627	0.1277	0.048125	0
-0.10592	-0.090912	0.078218	0
-0.097497	-0.090313	-0.014999	0
2.3513	0.17026	0.047099	0
1.1966	0.0043927	0.082957	0
2.3515	0.1712	-0.045809	0
-0.91472	-0.15112	-0.078798	0
-0.93485	-0.15274	0.078464	0
-1.1023	-0.1666	-0.0050244	0
0.16315	-0.071859	-0.044956	0
1.9546	0.076987	0.010785	0
0.42494	-0.053301	-0.0087411	0
1.5991	0.039163	0.079468	0
0.10731	-0.075807	0.020823	0
2.2003	0.23038	0.079841	0
-1.7363	-0.23112	-0.081213	0
-1.7363	-0.23112	0.081213	0
2.1977	0.23087	-0.081045	0
0.98357	-0.012296	0.046127	0
0.86334	-0.021394	-0.048228	0
-0.99633	-0.15774	-0.047482	0
1.4977	0.029893	0.050077	0
1.751	0.054138	0.03568	0
2.3481	0.16348	-0.0044482	0
2.34	0.15615	-0.080189	0
-0.063248	-0.087878	-0.056664	0
-0.087758	-0.089622	0.05498	0
-1.7297	-0.23028	-0.01187	0
2.2005	0.23028	-0.01187	0
0.74776	-0.029968	0.080042	0
-0.587	-0.12582	0.0058028	0
2.1938	0.11271	0.023927	0
1.2336	0.0073837	-0.05552	0
2.2874	0.21	0.04861	0
-1.5679	-0.21099	0.04702	0
-1.544	-0.2084	-0.046208	0
2.2912	0.20873	-0.046131	0
1.8482	0.06454	-0.082969	0
2.2907	0.13532	0.080922	0
2.1165	0.099411	-0.081348	0
1.4449	0.025221	-0.021922	0
2.316	0.14409	-0.019241	0
-0.49436	-0.11894	-0.049828	0
2.3317	0.19336	0.059095	0
2.0961	0.09628	-0.057039	0
-1.4931	-0.20301	-0.018492	0
1.1775	0.0028717	0.060214	0
1.0856	-0.004408	-0.042737	0
2.3085	0.20308	-0.01846	0
1.7781	0.056972	-0.0088843	0
1.8727	0.067295	0.053903	0
2.0336	0.087272	0.049662	0
0.90512	-0.018254	-0.0833	0
2.3403	0.18781	-0.058443	0
-1.3046	-0.18455	-0.057663	0
-1.2981	-0.18395	0.05775	0
2.1365	0.10263	0.063294	0
-0.43358	-0.11449	0.083155	0
-0.4298	-0.11421	-0.082142	0
-0.99669	-0.15777	0.013045	0
-0.97669	-0.15613	0.052486	0
-1.555	-0.20956	-0.081561	0
-1.555	-0.20956	0.081561	0
0.65404	-0.036818	0.018018	0
-1.2099	-0.17598	-0.082945	0
-1.208	-0.1758	0.082866	0
1.3658	0.018377	0.019301	0
2.3433	0.15857	0.012902	0
0.26227	-0.06485	0.082811	0
2.3508	0.17604	0.029044	0
2.2862	0.21039	-0.082179	0
1.76	0.05506	-0.038148	0
0.87855	-0.020262	0.010165	0
0.39559	-0.055388	-0.06182	0
1.9416	0.075426	0.083837	0
2.2258	0.11913	-0.083905	0
-0.5292	-0.12153	0.054647	0
0.13024	-0.074186	-0.084095	0
-1.2317	-0.17789	0.026826	0
-0.56754	-0.12436	-0.012449	0
2.3491	0.1794	-0.084852	0
0.76023	-0.029051	0.061946	0
2.2816	0.21165	0.084832	0
2.274	0.13067	-0.0082288	0
2.3387	0.15548	-0.06209	0
0.37102	-0.057135	0.059692	0
-1.176	-0.17297	-0.039268	0
-0.91196	-0.15091	-0.061773	0
1.5785	0.037263	0.01379	0
2.2647	0.12828	-0.060392	0
0.83112	-0.023798	-0.012488	0
2.2975	0.13759	-0.035854	0
2.3349	0.19145	0.00038847	0
0.63087	-0.038499	0.035363	0
-1.3773	-0.19141	0.00044583	0
-0.27434	-0.10295	-0.045236	0
0.96305	-0.013867	0.083901	0
2.1851	0.23318	0.062953	0
-1.7569	-0.23391	0.063595	0
-1.7568	-0.23391	-0.063595	0
2.1815	0.23383	-0.06333	0
1.5208	0.031969	-0.084026	0
2.3509	0.16938	0.083559	0
-0.2802	-0.10337	-0.025038	0
0.087397	-0.077215	-0.025008	0
2.316	0.1441	0.038764	0
1.9034	0.070895	-0.058129	0
-0.35903	-0.10906	0.011749	0
2.35	0.17776	-0.029011	0
-0.85949	-0.14673	-0.03601	0
1.5984	0.039136	-0.059681	0
2.2087	0.11563	0.084075	0
2.1789	0.23431	0.022609	0
-1.7599	-0.23431	0.022609	0
-0.57796	-0.12515	0.039994	0
-0.83558	-0.14484	0.064949	0
-1.16	-0.17157	0.048161	0
2.2871	0.13433	0.011961	0
0.48887	-0.048727	0.0078864	0
-1.7669	-0.23528	-0.03174	0
2.1735	0.23528	-0.03174	0
0.38556	-0.0561	-0.042238	0
2.3362	0.15382	-0.040604	0
2.2853	0.13384	0.064772	0
1.4184	0.02291	0.084799	0
2.3462	0.16142	0.06286	0
-0.27712	-0.10315	0.026234	0
2.0447	0.088828	-0.012308	0
0.72195	-0.03186	-0.037583	0
-1.4723	-0.20086	-0.059337	0
-1.465	-0.20014	0.059814	0
1.5735	0.036815	0.06392	0
2.2831	0.21111	0.015034	0
-1.5687	-0.21111	0.015034	0
1.8489	0.064639	0.022431	0
0.43556	-0.052538	0.038649	0
2.0088	0.083939	-0.084898	0
1.4293	0.023857	-0.052828	0
1.0707	-0.0055629	0.032509	0
-0.86339	-0.14703	0.037225	0
2.3063	0.20387	0.031576	0
-1.5035	-0.20409	0.031721	0
2.1838	0.11092	-0.030563	0
2.3196	0.1457	0.022306	0
-0.66479	-0.13168	-0.036116	0
-0.92578	-0.15201	-0.015283	0
1.3827	0.019828	0.037445	0
1.8179	0.061235	-0.024198	0
1.909	0.071528	-0.0033905	0
0.29044	-0.062854	0.010065	0
0.73642	-0.030794	-0.059589	0
1.9978	0.082547	-0.030459	0
2.3448	0.18441	0.085782	0
2.1642	0.1074	-0.0036587	0
0.77031	-0.028304	0.046634	0
0.22316	-0.067617	-0.013943	0
2.2167	0.11731	0.036356	0
1.3267	0.015092	0.053367	0
2.3097	0.20265	-0.032961	0
-1.4895	-0.20264	-0.03298	0
-1.1979	-0.17491	-0.024924	0
0.57978	-0.042196	-0.085706	0
-1.6082	-0.21554	-0.011442	0
2.2665	0.21563	-0.011334	0
2.008	0.08385	-0.050766	0
2.1581	0.10628	0.010731	0
2.3122	0.20163	-0.058405	0
1.0392	-0.0080088	-0.01744	0
-0.49893	-0.11929	-0.06673	0
1.1604	0.0015092	0.0054044	0
-0.77097	-0.13981	-0.086893	0
-0.76132	-0.13906	0.085891	0
1.6249	0.041662	0.043699	0
2.3402	0.15652	0.046449	0
2.1688	0.23614	0.035675	0
-1.7732	-0.23614	0.035675	0
1.7804	0.057219	-0.069046	0
1.4268	0.02363	-0.0079563	0
0.055477	-0.079472	0.086855	0
-0.24277	-0.10068	-0.08815	0
2.3156	0.14395	-0.087133	0
0.58984	-0.041466	0.089239	0
1.3586	0.017786	-0.086515	0
-1.1829	-0.17356	-0.052746	0
-0.19779	-0.097462	0.0013701	0
2.2704	0.12974	-0.046259	0
-1.3654	-0.1903	-0.02641	0
2.0499	0.089577	0.083664	0
-0.25176	-0.10133	0.086473	0
2.197	0.11343	0.051308	0
0.041359	-0.080471	0.045343	0
-1.0533	-0.16247	-0.086718	0
-1.0533	-0.16247	0.086718	0
1.7133	0.0503	0.086728	0
2.218	0.11759	-0.013301	0
2.3351	0.19114	-0.026288	0
2.3496	0.17841	-0.0033815	0
-1.212	-0.17616	-0.0033433	0
1.0912	-0.0039577	-0.087171	0
2.3472	0.18184	0.055941	0
0.76646	-0.028585	-0.086725	0
1.6925	0.04824	0.022613	0
-1.4078	-0.19438	-0.086755	0
-1.4078	-0.19438	0.086755	0
0.51826	-0.046623	-0.033449	0
1.1782	0.0029321	-0.029726	0
1.8662	0.066583	0.066929	0
0.56065	-0.043573	-0.06545	0
1.7685	0.05596	-0.087308	0
2.3515	0.17441	-0.017817	0
1.4447	0.025177	0.0091335	0
1.7	0.048992	0.067707	0
-0.43022	-0.11424	-0.016227	0
2.3162	0.14416	0.086655	0
-0.58811	-0.12591	-0.087788	0
-0.55944	-0.12377	0.087156	0
0.26132	-0.064915	0.030241	0
0.82756	-0.024072	-0.066182	0
-1.7786	-0.23689	-0.0018616	0
2.1648	0.23683	-0.0022031	0
-0.73001	-0.13666	-0.062293	0
2.0352	0.087543	0.034707	0
-0.74406	-0.13772	0.010339	0
-0.47872	-0.11779	0.068758	0
1.2427	0.0081531	0.029477	0
1.549	0.034538	-0.032647	0
2.3496	0.16564	-0.087402	0
1.9662	0.078512	0.023511	0
0.5974	-0.04093	0.062977	0
2.3099	0.14177	-0.063175	0
-1.1229	-0.16836	0.023718	0
2.3335	0.15199	-0.00987	0
-1.2602	-0.18045	-0.069277	0
-1.2596	-0.18039	0.069149	0
1.8638	0.066313	0.089663	0
-0.033662	-0.085781	0.068705	0
-0.65901	-0.13123	0.028636	0
-0.031832	-0.085653	-0.066603	0
-1.6471	-0.22005	-0.087072	0
-1.6471	-0.22005	0.087072	0
2.3172	0.19975	-0.08776	0
0.052265	-0.079699	0.0095338	0
2.2539	0.12545	0.019658	0
0.38464	-0.056168	0.089923	0
0.44826	-0.051632	-0.019244	0
0.57414	-0.042601	-0.0098836	0
2.082	0.094206	-0.025432	0
2.1443	0.10392	-0.046934	0
1.2897	0.012007	0.087728	0
-0.21077	-0.098387	0.044662	0
2.2743	0.13075	-0.087813	0
-0.051441	-0.087045	0.022822	0
2.1728	0.1089	-0.087803	0
1.1096	-0.0025193	-0.051692	0
1.0097	-0.010299	0.017673	0
2.3243	0.14762	0.068609	0
-0.73202	-0.13679	-0.0096984	0
-0.96083	-0.15484	0.06822	0
2.0764	0.093315	0.067511	0
2.3092	0.20299	0.067253	0
1.5802	0.037426	-0.014722	0
1.8038	0.059706	0.044914	0
2.1602	0.23766	-0.020711	0
-1.7843	-0.23766	-0.020711	0
0.13749	-0.073674	0.052423	0
2.1273	0.10113	-0.068278	0
1.1856	0.003518	-0.071572	0
0.096672	-0.076559	0.03433	0
2.3466	0.1832	-0.069762	0
0.31611	-0.061037	0.070477	0
2.3486	0.16412	0.020986	0
1.7037	0.049344	-0.0014766	0
2.0369	0.087742	0.012426	0
0.8697	-0.02091	0.056999	0
2.16	0.23764	0.088628	0
-1.7726	-0.23606	-0.088166	0
-1.7726	-0.23606	0.088166	0
2.1603	0.23759	-0.088678	0
2.3307	0.15064	-0.028964	0
2.3053	0.20424	-0.072104	0
-0.95527	-0.1544	0.026172	0
2.3403	0.18801	0.069095	0
0.31823	-0.060884	-0.088596	0
2.2449	0.22091	-0.087691	0
-0.5969	-0.12657	-0.02208	0
-1.4849	-0.20214	-0.071067	0
-1.4868	-0.20234	0.071044	0
1.9162	0.072374	-0.067146	0
2.342	0.15766	-0.051566	0
2.0073	0.083773	0.0025764	0
2.3225	0.19753	-0.0077871	0
-1.4393	-0.19753	-0.0077827	0
2.3395	0.1884	0.027518	0
0.19849	-0.069361	-0.05668	0
1.207	0.0052555	-0.00618	0
2.3478	0.18133	-0.050502	0
-0.67173	-0.13221	0.062876	0
-1.624	-0.21733	0.0014459	0
2.26	0.21733	0.001455	0
0.0059391	-0.082977	-0.089172	0
2.2557	0.21841	0.039515	0
-1.6343	-0.21852	0.039356	0
-1.6475	-0.2201	-0.039851	0
2.2483	0.22011	-0.039833	0
2.1382	0.1029	0.027538	0
2.3139	0.20109	0.087467	0
2.3427	0.15844	0.08821	0
2.2527	0.12519	0.089587	0
1.619	0.041091	-0.08854	0
2.2494	0.2199	0.054602	0
-1.621	-0.21701	0.05413	0
-1.6353	-0.21868	-0.054431	0
2.2495	0.21985	-0.054683	0
2.2494	0.12442	-0.070392	0
-0.0022956	-0.08356	-0.045331	0
1.8898	0.069281	-0.029216	0
1.0677	-0.0058028	-0.072408	0
2.1455	0.10411	0.088967	0
1.3398	0.016198	-0.025217	0
1.1152	-0.0020841	0.051569	0
0.071318	-0.078351	-0.053195	0
1.2761	0.010881	0.067235	0
1.6868	0.04765	-0.046401	0
-1.0544	-0.16256	0.0052467	0
1.8359	0.063195	-0.045585	0
-0.62296	-0.12852	0.017579	0
1.0761	-0.0051454	0.090099	0
1.5712	0.036572	-0.070561	0
2.155	0.23855	0.012116	0
-1.7905	-0.23855	0.012116	0
2.2466	0.1239	-0.036231	0
0.028389	-0.081387	-0.0090116	0
2.1535	0.23885	0.053126	0
-1.7979	-0.23954	0.055553	0
-1.7912	-0.23861	-0.05518	0
2.1529	0.23894	-0.053589	0
1.3162	0.0142	-0.071029	0
-1.2927	-0.18344	0.017226	0
1.4553	0.026113	-0.038074	0
0.87313	-0.020658	-0.0015574	0
-1.6512	-0.22053	-0.075203	0
-1.651	-0.2205	0.075201	0
2.3504	0.17759	0.03957	0
2.2417	0.22163	0.088007	0
0.79268	-0.026653	-0.021528	0
-0.29423	-0.10438	0.054301	0
0.17832	-0.070788	-0.033337	0
-0.22268	-0.099239	-0.011791	0
2.1748	0.10928	0.070029	0
2.2105	0.11608	-0.05619	0
-1.3512	-0.18892	0.028003	0
2.3406	0.18766	-0.088807	0
-1.2365	-0.17832	0.041171	0
-0.24943	-0.10116	-0.072682	0
1.0249	-0.0091236	0.00796	0
1.0976	-0.0034581	0.069166	0
-0.24392	-0.10076	0.076233	0
2.3176	0.19974	-0.048278	0
-1.4534	-0.1989	0.047783	0
-1.4455	-0.19814	-0.048212	0
2.1494	0.23947	0.073378	0
-1.7929	-0.23888	0.07287	0
-1.7928	-0.23888	-0.07287	0
2.1573	0.23819	-0.072324	0
0.26115	-0.064929	-0.074534	0
-0.80004	-0.14205	-0.07254	0
1.9304	0.074056	-0.089614	0
1.2227	0.0065031	-0.045786	0
0.36579	-0.057507	0.04759	0
2.3026	0.13921	0.048966	0
2.2429	0.22139	0.017874	0
-1.6584	-0.22139	0.017872	0
-0.32039	-0.10626	-0.034142	0
2.3468	0.16204	0.0054941	0
1.5468	0.034344	0.09011	0
2.3507	0.16716	0.036511	0
2.3219	0.14638	0.011934	0
0.83261	-0.023692	0.089376	0
2.3444	0.18482	0.017291	0
-0.00027885	-0.083419	-0.00013538	0
2.3499	0.16517	0.073209	0
2.3222	0.19783	0.047674	0
0.93302	-0.016151	-0.039488	0
-1.0425	-0.16155	-0.076058	0
1.6806	0.047052	-0.012113	0
2.3195	0.19892	0.0081113	0
-1.4532	-0.19891	0.0082182	0
1.8715	0.067169	0.0038847	0
-1.2721	-0.18157	-0.047454	0
-1.3088	-0.18493	-0.090974	0
-1.3086	-0.18491	0.090962	0
0.29689	-0.062398	5.5276e-05	0
-1.1925	-0.17439	-0.01427	0
2.2515	0.21937	-0.075808	0
-0.2438	-0.10075	-0.054786	0
1.2478	0.0085468	0.011807	0
2.1015	0.097136	0.049002	0
0.63328	-0.038324	0.072744	0
2.2879	0.20973	0.058162	0
2.3513	0.17377	-0.056308	0
2.2875	0.13449	0.038377	0
-0.40037	-0.11206	0.032495	0
-0.73298	-0.13687	0.040381	0
2.3511	0.16868	-0.034739	0
2.3499	0.16627	-0.076929	0
-0.97247	-0.15578	-0.00065037	0
-1.0481	-0.16202	0.075441	0
2.3384	0.15532	-0.00026898	0
0.58438	-0.041864	0.025845	0
2.323	0.14683	-0.07378	0
2.2513	0.12489	0.059919	0
-0.17722	-0.095987	0.06212	0
-1.0082	-0.15872	-0.057088	0
0.86632	-0.021171	0.038801	0
-0.62944	-0.129	-0.055297	0
2.2273	0.22481	0.069605	0
0.90201	-0.018486	-0.058312	0
0.091137	-0.076951	0.074408	0
1.2243	0.006633	-0.089656	0
2.0278	0.086513	0.075047	0
2.173	0.10892	-0.076801	0
1.8059	0.059939	0.0601	0
1.9463	0.076008	0.046912	0
1.9669	0.078559	0.055819	0
1.6572	0.044743	-0.036512	0
0.96613	-0.01363	0.056921	0
-0.11748	-0.091735	-0.024218	0
1.6842	0.047391	-0.066577	0
2.2728	0.13034	0.002285	0
2.0741	0.092986	-0.09046	0
2.2485	0.12425	0.077405	0
-0.074659	-0.088692	0.088845	0
-0.87873	-0.14825	-0.025338	0
-1.7958	-0.23927	-0.042805	0
2.1506	0.23934	-0.042537	0
2.162	0.10699	-0.057519	0
-1.2742	-0.18172	-0.032539	0
-0.88735	-0.14894	-0.089032	0
-0.88571	-0.14881	0.088441	0
-0.1707	-0.095525	-0.065135	0
-0.77925	-0.14044	0.075234	0
2.1134	0.098911	-0.0075698	0
-1.0526	-0.1624	-0.038073	0
-0.88784	-0.14897	-0.052643	0
1.0626	-0.0062112	-0.032318	0
1.4853	0.028777	0.020456	0
-1.7119	-0.228	-0.023247	0
2.212	0.228	-0.023245	0
0.55573	-0.043938	-0.075579	0
2.3381	0.15474	-0.090658	0
-0.50274	-0.11957	-0.0025779	0
0.83141	-0.023781	0.071505	0
2.3519	0.17205	0.058271	0
-1.0529	-0.16243	-0.01692	0
0.44512	-0.051859	-0.089994	0
1.9439	0.075689	-0.078023	0
2.3061	0.14037	-0.0097481	0
2.2833	0.13318	-0.018935	0
1.8411	0.063789	0.038118	0
1.4823	0.02849	0.075609	0
-0.54225	-0.12249	-0.03958	0
1.3217	0.014647	0.076926	0
2.3485	0.16371	-0.016289	0
1.4266	0.023615	0.058099	0
1.66	0.045	0.030115	0
1.3562	0.017571	-0.016579	0
0.72018	-0.031996	-0.048086	0
-0.70272	-0.13456	0.0008692	0
2.0295	0.086728	-0.060046	0
1.6033	0.039581	0.05316	0
0.7892	-0.026907	0.019015	0
0.73206	-0.031121	0.010064	0
2.0352	0.087533	0.05936	0
2.0242	0.085988	-0.039386	0
2.3261	0.19613	-0.064876	0
1.5068	0.0307	0.039749	0
2.1285	0.10137	0.019694	0
-1.1917	-0.17434	0.057993	0
-1.6852	-0.22469	-0.067878	0
-1.6852	-0.22469	0.067878	0
-0.87659	-0.14808	0.010552	0
0.44318	-0.051997	-0.051526	0
-0.52316	-0.12107	-0.074092	0
0.035817	-0.080862	-0.074297	0
2.3194	0.14547	0.078027	0
0.99332	-0.011549	-0.048402	0
2.0669	0.09194	-0.073882	0
-0.25464	-0.10153	0.035195	0
-1.3837	-0.19203	-0.064896	0
-1.3802	-0.19169	0.06473	0
-1.806	-0.24078	-0.011571	0
2.1418	0.24077	-0.0116	0
2.2946	0.13661	0.09197	0
-1.4939	-0.20308	-0.090743	0
-1.4939	-0.20308	0.090743	0
-0.3808	-0.11064	-0.056057	0
2.3495	0.17893	-0.039078	0
-1.3195	-0.18593	0.048419	0
1.4181	0.022882	-0.078341	0
-0.85533	-0.1464	0.055217	0
-0.48136	-0.11799	0.014089	0
2.2282	0.22454	-0.061416	0
-1.5817	-0.21254	-0.019599	0
2.278	0.21259	-0.019558	0
1.9767	0.079788	-0.0079235	0
2.1984	0.11359	0.059859	0
1.3617	0.01803	-0.060352	0
2.2364	0.12156	0.02845	0
2.0736	0.092924	-0.047432	0
2.3503	0.17802	0.078427	0
0.97773	-0.012745	-0.091361	0
2.3509	0.17596	0.090794	0
-0.96632	-0.15529	0.041714	0
2.2158	0.22718	0.033318	0
-1.7055	-0.2272	0.033292	0
-0.40703	-0.11255	-0.042315	0
2.3485	0.16409	-0.060456	0
2.2856	0.21038	0.073594	0
1.877	0.067827	0.078032	0
2.3164	0.14435	-0.04208	0
2.3335	0.19222	0.091399	0
0.69587	-0.033773	-0.01407	0
2.3469	0.16191	0.052951	0
0.69868	-0.033565	0.090321	0
-1.0971	-0.16616	0.055269	0
1.8369	0.063307	-0.092429	0
0.043979	-0.080286	-0.035663	0
2.019	0.085281	-0.021077	0
2.0663	0.091887	0.041333	0
0.5296	-0.045808	0.016505	0
1.4318	0.02407	0.028899	0
-0.14835	-0.093932	-0.045745	0
2.236	0.12139	-0.004286	0
2.3399	0.1881	0.04994	0
-0.4909	-0.11869	0.046962	0
-0.6241	-0.12861	0.048217	0
-0.25923	-0.10186	0.016832	0
-0.29935	-0.10475	0.0030531	0
1.8489	0.06462	-0.015623	0
0.55202	-0.044199	-0.0008745	0
-0.47652	-0.11764	-0.091245	0
-0.45699	-0.11621	0.092584	0
1.484	0.028679	-0.00089965	0
1.3586	0.01777	-0.048155	0
2.1925	0.11249	-0.021785	0
2.2266	0.22494	0.061613	0
-1.7176	-0.22874	-0.09119	0
-1.7176	-0.22874	0.09119	0
2.2082	0.11557	0.013504	0
0.83427	-0.02356	-0.034919	0
0.71049	-0.032699	0.027524	0
-1.6983	-0.22624	0.057383	0
-1.6998	-0.22647	-0.058927	0
2.212	0.22798	-0.0011333	0
2.2832	0.21118	0.024535	0
-1.5697	-0.2112	0.024547	0
1.7181	0.050782	0.07598	0
1.1089	-0.002585	-0.010023	0
-1.711	-0.2279	-0.0015471	0
-0.13269	-0.092816	-0.090929	0
1.8605	0.065942	-0.036716	0
0.27913	-0.063658	0.021676	0
0.035605	-0.080878	0.058658	0
2.3377	0.15473	0.021565	0
1.4486	0.025541	-0.091279	0
-1.3998	-0.1936	-0.017299	0
2.2161	0.22717	-0.070142	0
1.8317	0.062733	-0.062673	0
2.3515	0.17375	-0.091868	0
2.3308	0.19372	-0.017196	0
0.26226	-0.06485	0.09303	0
1.792	0.058459	-0.00031335	0
-1.1684	-0.17229	0.090869	0
-1.1685	-0.17229	-0.090802	0
2.3362	0.15389	-0.020343	0
-1.5596	-0.2101	-0.055445	0
-1.5449	-0.20849	0.055882	0
-1.5727	-0.21153	-0.036532	0
2.2818	0.21157	-0.036514	0
-0.92	-0.15154	-0.070118	0
0.81994	-0.024627	-0.077605	0
0.95818	-0.014236	-0.011097	0
1.5338	0.033161	-0.052363	0
-0.43127	-0.11432	0.05972	0
-1.3621	-0.18997	0.0097971	0
0.45387	-0.051232	-0.06892	0
1.0593	-0.0064642	0.077397	0
0.68848	-0.034306	0.054182	0
0.55525	-0.043962	0.041286	0
0.11936	-0.074956	-0.092114	0
1.7259	0.051581	-0.028307	0
2.1014	0.097096	0.011616	0
2.1483	0.23975	0.043378	0
-1.8026	-0.24026	0.043766	0
-1.2096	-0.17594	-0.061178	0
2.2513	0.21942	0.077147	0
-1.1086	-0.16714	0.013735	0
2.2965	0.20707	-0.092703	0
-0.63951	-0.12976	-0.045646	0
-0.38558	-0.11099	0.021024	0
2.3288	0.14977	0.030044	0
1.6688	0.045884	0.0080443	0
2.3435	0.15849	-0.070134	0
2.1607	0.10675	-0.037325	0
-0.39519	-0.11169	-0.071954	0
1.9379	0.075	0.092235	0
-1.3018	-0.18429	-0.080333	0
-1.3018	-0.18429	0.080333	0
1.3319	0.015542	0.061604	0
2.2979	0.2067	-0.008769	0
1.7644	0.05551	-0.078431	0
-1.5279	-0.20667	-0.0087991	0
-1.618	-0.21668	0.010045	0
-0.52976	-0.12157	0.077837	0
2.2423	0.12291	-0.092496	0
-0.38746	-0.11113	0.07492	0
-1.4615	-0.19976	-0.080163	0
-1.4608	-0.19969	0.080011	0
1.7513	0.054175	-0.017759	0
2.2622	0.21668	0.010049	0
0.60658	-0.040259	0.0087984	0
0.26478	-0.064672	-0.065492	0
-1.4526	-0.19887	0.038703	0
1.6365	0.042761	0.091261	0
2.1396	0.24114	0.028199	0
-1.8085	-0.24114	0.028199	0
-0.76272	-0.13917	-0.030989	0
2.3281	0.14939	-0.056994	0
-1.1729	-0.17268	-0.075024	0
-1.1722	-0.17262	0.074693	0
0.38398	-0.056213	0.079874	0
-1.1624	-0.17176	0.032928	0
2.272	0.21417	0.092637	0
1.2234	0.0065734	0.050678	0
2.2038	0.22963	-0.091675	0
0.24743	-0.065899	0.06019	0
-1.1922	-0.1744	0.019019	0
2.3514	0.17474	0.01995	0
2.3201	0.19853	0.038906	0
0.6549	-0.036756	-0.091317	0
1.8643	0.066357	0.014005	0
2.284	0.13348	0.056286	0
0.32905	-0.060117	-0.018199	0
0.40236	-0.054906	-0.03392	0
2.0834	0.094357	0.091771	0
-0.75691	-0.13872	-0.040527	0
2.3053	0.1401	-0.028068	0
1.3241	0.01487	-0.0063035	0
2.1379	0.10287	-0.026634	0
1.6	0.039285	0.022413	0
0.20686	-0.06877	-0.022717	0
-1.1316	-0.1691	-0.031309	0
0.19245	-0.069789	0.074768	0
2.2958	0.13697	0.020787	0
-0.14394	-0.093617	0.028414	0
0.5004	-0.047903	-0.042376	0
2.2807	0.21178	0.032704	0
-1.5754	-0.21186	0.032708	0
1.4948	0.029627	-0.06087	0
-0.20885	-0.098252	-0.03778	0
2.3055	0.14026	0.029798	0
2.3369	0.19019	0.009724	0
2.1365	0.24163	0.065032	0
-1.8173	-0.24247	0.064404	0
-1.8159	-0.24228	-0.064329	0
2.1329	0.24219	-0.063849	0
-0.85822	-0.14662	0.046133	0
1.5597	0.035531	0.0052521	0
0.94809	-0.015	0.092687	0
0.40443	-0.054758	0.013664	0
0.27701	-0.063806	-0.039207	0
2.3499	0.16632	0.091551	0
0.19039	-0.069934	0.00711	0
-0.90413	-0.15027	0.019988	0
-1.6998	-0.2265	-0.03264	0
2.219	0.22651	-0.032634	0
-0.42376	-0.11377	0.0039717	0
-0.88053	-0.14839	-0.0082117	0
1.1946	0.004251	0.092157	0
2.2612	0.12733	-0.079164	0
-1.113	-0.16752	-0.046082	0
2.3406	0.18769	0.077836	0
0.9314	-0.016266	0.076267	0
2.1771	0.10967	0.034504	0
1.0869	-0.0042999	0.041173	0
1.4025	0.02153	0.046606	0
2.2862	0.13406	-0.054108	0
0.92225	-0.016959	-0.019318	0
1.1333	-0.00064893	-0.022325	0
1.4164	0.022709	-0.030036	0
1.9304	0.074059	-0.050209	0
-0.7855	-0.14094	0.032034	0
2.351	0.17602	-0.076561	0
2.3435	0.18546	-0.079819	0
2.1685	0.10816	0.079115	0
-1.0688	-0.16377	0.045879	0
2.2766	0.13143	0.072921	0
1.3494	0.017012	0.011065	0
1.9561	0.077199	0.073923	0
1.7842	0.057626	0.067737	0
0.93945	-0.01566	-0.074519	0
1.5399	0.03372	-0.092769	0
0.47041	-0.050052	0.055521	0
0.4471	-0.051716	0.065529	0
-0.38711	-0.1111	-0.025229	0
-1.3555	-0.18935	-0.050171	0
2.2842	0.13357	-0.066371	0
2.327	0.14894	0.046197	0
-0.94894	-0.15389	-0.040111	0
1.6281	0.041964	0.070473	0
2.3469	0.18242	0.0045633	0
1.9172	0.072508	0.026779	0
-0.6677	-0.1319	-0.016982	0
-1.2781	-0.1821	0.0046209	0
2.3436	0.18528	-0.005653	0
-1.2976	-0.18391	-0.0060588	0
2.304	0.20459	0.078187	0
2.324	0.19683	0.026164	0
1.4536	0.025983	0.091769	0
2.2053	0.11499	0.092787	0
-1.8243	-0.24352	-0.03429	0
2.1246	0.24354	-0.034236	0
1.8775	0.067886	0.043965	0
-1.2891	-0.18311	-0.022599	0
1.1406	-6.4706e-05	0.027985	0
2.2879	0.20986	-0.054748	0
2.3134	0.20116	-0.079566	0
-0.68544	-0.13324	0.092055	0
-0.68979	-0.13358	-0.092057	0
-1.3843	-0.19212	0.055699	0
2.3435	0.18543	-0.032688	0
0.76559	-0.028652	-0.0053381	0
1.6848	0.047472	-0.056652	0
2.1309	0.24254	0.0039183	0
-1.8179	-0.24255	0.0039589	0
2.3511	0.16982	-0.025327	0
0.37617	-0.056769	0.030924	0
2.3457	0.18362	-0.022673	0
1.7062	0.049579	0.046184	0
2.3508	0.16826	0.012378	0
2.2708	0.12976	-0.030129	0
2.3487	0.17994	-0.06152	0
0.29857	-0.062278	-0.047996	0
1.9653	0.078364	-0.059315	0
2.1933	0.11265	0.0025902	0
2.3393	0.15576	0.068544	0
0.96301	-0.013865	0.028507	0
2.0898	0.095356	0.033658	0
0.6246	-0.038955	-0.057604	0
1.7764	0.05679	0.092258	0
2.0106	0.084196	-0.092994	0
0.0062905	-0.082953	-0.018472	0
2.0475	0.089236	-0.004114	0
-0.079264	-0.089017	0.046214	0
1.5888	0.03824	-0.079201	0
2.345	0.16023	-0.03474	0
2.137	0.10273	0.0027126	0
0.7477	-0.029969	0.036964	0
2.3497	0.17867	0.048092	0
2.1999	0.23039	0.091961	0
-0.016975	-0.084601	-0.028527	0
1.7681	0.055922	0.026645	0
1.7695	0.056066	0.018353	0
1.2801	0.011217	0.036257	0
2.3205	0.19831	-0.039567	0
-1.4454	-0.19815	-0.038856	0
2.1296	0.10155	-0.091836	0
2.3372	0.18991	-0.050535	0
2.091	0.095514	-0.017232	0
-0.33204	-0.10711	-0.091845	0
2.256	0.12609	0.010582	0
-0.62449	-0.12862	-0.066042	0
2.3009	0.1387	0.0047056	0
2.2266	0.11938	0.044455	0
2.1324	0.24227	0.019159	0
-1.816	-0.24227	0.019159	0
2.3349	0.15285	0.059913	0
-0.5168	-0.12061	0.033078	0
2.209	0.11579	-0.092964	0
2.2008	0.23017	-0.056047	0
0.63394	-0.038278	-0.032183	0
2.2063	0.11524	0.075884	0
0.14005	-0.073494	0.091021	0
2.2532	0.12543	-0.014806	0
-1.5817	-0.21254	0.091875	0
-1.5817	-0.21254	-0.091875	0
0.99466	-0.011439	0.037423	0
-1.451	-0.1987	-0.026026	0
2.1759	0.10945	-0.011536	0
1.3134	0.013991	-0.08019	0
1.6549	0.044542	0.06117	0
0.41021	-0.054347	0.0029761	0
0.66009	-0.036376	0.04443	0
0.3135	-0.061218	0.038028	0
2.0084	0.083888	0.090535	0
-0.98455	-0.15678	-0.092513	0
-0.98488	-0.15681	0.092463	0
-0.98768	-0.15704	-0.0092178	0
2.319	0.19904	-0.025694	0
1.4704	0.02747	-0.046897	0
-1.5697	-0.21121	0.07221	0
-1.5697	-0.21121	-0.07221	0
-0.95025	-0.15399	-0.032264	0
2.308	0.20328	0.018845	0
-1.5036	-0.20411	0.019225	0
-0.81957	-0.14359	-0.058523	0
0.51155	-0.047104	-0.058059	0
2.1524	0.10531	0.052078	0
-0.32645	-0.1067	0.09186	0
1.304	0.013197	0.044553	0
2.2144	0.22748	0.024763	0
2.1994	0.23047	0.015187	0
-1.7294	-0.23025	0.015199	0
-1.7049	-0.22713	0.024713	0
2.2475	0.124	-0.052747	0
2.0648	0.091671	-0.065767	0
2.2437	0.22118	-0.016983	0
-1.6563	-0.22114	-0.017007	0
-0.75411	-0.13851	0.05902	0
0.61715	-0.039496	-0.041366	0
-0.87618	-0.14805	0.072533	0
2.3465	0.16174	0.080786	0
2.3514	0.1721	-0.0080736	0
-0.93582	-0.15283	0.060532	0
-1.436	-0.1972	0.026233	0
0.26805	-0.064439	0.052576	0
-1.5329	-0.20721	0.064324	0
2.3101	0.14182	0.060885	0
0.54717	-0.044544	-0.093403	0
1.4856	0.028818	0.065102	0
-0.18559	-0.096587	0.092371	0
1.5369	0.033422	-0.023528	0
2.3475	0.16269	-0.042826	0
0.85629	-0.021917	-0.092277	0
2.2949	0.20762	0.0082648	0
2.3198	0.19865	0.00018155	0
-1.5371	-0.20766	0.0082847	0
-1.4545	-0.19907	-0.00027557	0
-0.46721	-0.11696	-0.0096173	0
2.234	0.12103	-0.062768	0
1.021	-0.0094202	-0.057066	0
-1.7277	-0.23005	-0.03938	0
2.2029	0.22976	-0.038856	0
-0.6092	-0.12749	-0.0033442	0
0.50631	-0.047479	0.092382	0
2.2984	0.13785	-0.092269	0
2.344	0.185	0.093726	0
-0.57562	-0.12498	-0.030315	0
2.2681	0.2152	-0.093578	0
0.67095	-0.035589	-0.06641	0
2.134	0.24207	0.081126	0
-1.8149	-0.24207	0.081126	0
-1.815	-0.24207	-0.081126	0
2.134	0.24207	-0.081126	0
1.5197	0.031883	0.057618	0
2.3506	0.16821	0.028673	0
-0.17423	-0.095776	0.070342	0
1.1873	0.0036493	-0.037816	0
0.67794	-0.03508	-0.082064	0
-0.9592	-0.15471	0.033317	0
-0.30611	-0.10524	-0.081258	0
2.2238	0.11879	-0.030108	0
2.3505	0.1684	0.066007	0
2.3397	0.15581	0.038773	0
2.2927	0.20832	-0.027375	0
0.53721	-0.045262	-0.025325	0
2.0152	0.084808	-0.077116	0
-0.69468	-0.13394	-0.082185	0
-0.66076	-0.13137	0.08174	0
2.2956	0.13702	-0.043086	0
0.47978	-0.049377	0.046692	0
-0.86511	-0.14717	-0.044368	0
2.2184	0.11768	-0.075351	0
2.1859	0.11128	0.043249	0
-0.83257	-0.14461	-0.016177	0
-1.5445	-0.20845	-0.027603	0
-1.7356	-0.23109	0.071918	0
-1.7355	-0.23109	-0.071918	0
-0.73494	-0.13703	0.068047	0
1.2606	0.009606	0.021651	0
1.3256	0.015	-0.093897	0
-0.48999	-0.11863	-0.022874	0
0.85679	-0.021879	0.080912	0
0.49599	-0.048219	0.083827	0
0.29364	-0.062626	-0.0087339	0
2.1825	0.11073	-0.051256	0
2.2061	0.22916	0.056121	0
2.2964	0.13724	-0.0021619	0
1.5918	0.038523	0.037163	0
1.1166	-0.0019658	-0.0016148	0
0.12009	-0.074904	-0.016314	0
2.3468	0.18223	0.06382	0
-0.10243	-0.090663	0.0049708	0
-0.32405	-0.10654	0.080635	0
-0.19562	-0.097305	-0.029691	0
2.3296	0.19416	-0.033355	0
2.2074	0.11544	-0.037162	0
-1.4055	-0.19416	-0.033371	0
-1.1301	-0.16899	-0.082309	0
2.0601	0.091006	-0.081848	0
2.1226	0.24386	-0.0047911	0
-1.8269	-0.24391	-0.0045577	0
1.503	0.030379	-0.075813	0
0.50449	-0.047609	0.032641	0
-1.0833	-0.165	-0.09406	0
-1.0833	-0.165	0.09406	0
1.1099	-0.0024919	0.012055	0
2.0544	0.090219	-0.032087	0
2.2522	0.12516	0.037379	0
-0.72436	-0.13622	0.018383	0
2.3301	0.19394	-0.093335	0
-1.2855	-0.18279	0.033139	0
1.6944	0.048407	-0.092481	0
0.77855	-0.027694	0.0025166	0
2.3266	0.19568	0.070081	0
2.3326	0.1517	0.092263	0
1.5225	0.032135	-0.0082329	0
0.0078341	-0.082842	0.029777	0
0.87419	-0.020577	0.049898	0
-0.4634	-0.11667	0.039718	0
2.3448	0.18435	0.033629	0
2.3282	0.14958	-0.048464	0
1.9912	0.081647	0.029493	0
2.3277	0.19501	-0.0557	0
0.95667	-0.014338	0.0026646	0
1.8531	0.065123	-0.0058878	0
-1.3926	-0.19292	-0.056585	0
-0.15243	-0.094222	0.020006	0
1.6156	0.040774	-0.051632	0
2.3355	0.15346	0.051826	0
1.7625	0.055366	-0.045879	0
1.9405	0.075315	0.0032805	0
2.3498	0.16647	-0.052489	0
1.9338	0.074502	0.062828	0
2.124	0.10063	0.071173	0
2.3025	0.13925	0.071023	0
1.1237	-0.0014158	-0.062572	0
2.296	0.20734	-0.06429	0
-1.537	-0.20765	-0.064621	0
-0.81838	-0.1435	-0.080939	0
1.7887	0.058077	0.083431	0
2.2297	0.12006	0.052942	0
-0.12223	-0.092072	-0.0050146	0
0.12444	-0.074596	0.040333	0
-0.57009	-0.12457	0.063023	0
0.60967	-0.040037	0.0817	0
0.80957	-0.025398	-0.04175	0
1.8835	0.068565	-0.022461	0
-0.9681	-0.15544	-0.022068	0
-0.8026	-0.14227	0.093024	0
-0.80389	-0.14237	-0.093065	0
-1.8223	-0.24323	-0.027221	0
2.1265	0.24323	-0.027213	0
1.9465	0.076038	-0.025981	0
1.9456	0.075901	-0.035296	0
2.3013	0.1387	-0.082277	0
0.81365	-0.025092	-0.054598	0
1.0111	-0.010176	-0.024169	0
0.16101	-0.072012	-0.073687	0
2.2582	0.12666	0.067489	0
2.279	0.2123	-0.072035	0
2.3185	0.14518	-0.094173	0
-0.042164	-0.086386	0.015297	0
-1.1625	-0.17179	0.0045135	0
1.0645	-0.0060423	0.025288	0
1.1715	0.0023974	0.035061	0
-0.18343	-0.096436	0.052559	0
-0.67161	-0.1322	-0.026793	0
1.3632	0.01818	0.092859	0
-1.0769	-0.16446	-0.052628	0
2.1878	0.23265	0.070726	0
0.014608	-0.082364	0.09304	0
-1.1306	-0.16904	0.082118	0
-0.19975	-0.097601	-0.019829	0
-1.6569	-0.22123	-0.007606	0
-1.5059	-0.20438	-0.0523	0
-1.1122	-0.16746	-0.024004	0
-1.5881	-0.21328	-0.0050465	0
2.1254	0.24341	0.035451	0
-1.8242	-0.24351	0.035528	0
2.2432	0.22127	-0.0075414	0
2.3517	0.1719	0.0025805	0
0.0087881	-0.082776	0.038199	0
0.13071	-0.074154	0.081724	0
2.2735	0.13058	-0.038907	0
2.2752	0.2133	-0.005006	0
2.0115	0.084328	0.019664	0
1.3298	0.015355	0.028461	0
0.18982	-0.069974	0.014769	0
2.0925	0.095732	0.057349	0
2.2978	0.20674	0.039831	0
0.17977	-0.070685	-0.0079643	0
2.1261	0.24332	0.093315	0
-1.8154	-0.24219	-0.092328	0
-1.8154	-0.24219	0.092328	0
2.1261	0.24332	-0.093315	0
1.9997	0.082772	0.040772	0
0.86801	-0.021041	0.063966	0
2.3473	0.16286	0.044212	0
2.0946	0.096081	0.084416	0
1.8484	0.064597	-0.054237	0
1.2405	0.0079656	0.0017274	0
0.060767	-0.079097	-0.062342	0
1.0813	-0.0047433	-0.094288	0
1.8494	0.064677	-0.073048	0
-1.5294	-0.20683	0.039317	0
2.1999	0.23041	0.040891	0
-1.726	-0.2298	0.041114	0
2.3259	0.14838	-0.081026	0
-1.0215	-0.15982	0.020796	0
1.907	0.071299	-0.010418	0
-0.53015	-0.12159	-0.081681	0
-0.87744	-0.14815	0.028766	0
2.3317	0.19309	-0.083729	0
-1.0221	-0.15987	-0.065072	0
1.0722	-0.0054433	0.061507	0
-0.96564	-0.15524	-0.085274	0
-0.96565	-0.15524	0.085274	0
-0.42358	-0.11376	-0.062735	0
2.1854	0.23309	0.029515	0
-1.7505	-0.23306	0.029507	0
-0.11123	-0.091289	-0.072833	0
0.32827	-0.06017	-0.05606	0
1.4713	0.027534	-0.014739	0
1.5119	0.03117	0.082798	0
0.75732	-0.029264	-0.029794	0
1.1356	-0.00046588	-0.080466	0
1.7513	0.054186	-0.061684	0
-0.22984	-0.099754	0.0088335	0
0.54991	-0.044351	-0.017222	0
-0.24214	-0.10064	-0.0039196	0
1.2676	0.010192	0.05862	0
0.22225	-0.067682	-0.093043	0
2.347	0.18196	0.024042	0
1.6771	0.046691	0.015613	0
2.318	0.145	0.094655	0
2.1817	0.2338	0.0059552	0
-1.7578	-0.23402	0.0059395	0
0.0043074	-0.083094	0.051694	0
1.2547	0.0091243	-0.064144	0
1.6691	0.045924	0.038161	0
-1.7647	-0.235	0.094679	0
-1.7647	-0.235	-0.094679	0
-0.40979	-0.11275	0.05115	0
0.6594	-0.036425	-0.0062195	0
0.49106	-0.048569	-0.082631	0
1.6882	0.047794	-0.084049	0
0.24694	-0.065936	-0.081962	0
2.3023	0.20516	-0.04002	0
2.0002	0.082856	0.082239	0
-0.57587	-0.125	0.094722	0
-0.57587	-0.125	-0.094722	0
-1.5115	-0.20495	-0.039954	0
1.9312	0.074159	0.018039	0
-0.51471	-0.12045	-0.058736	0
2.3125	0.20155	0.055487	0
2.3355	0.15348	0.0064061	0
1.7347	0.052487	0.061252	0
0.15942	-0.072123	0.02852	0
0.89797	-0.018787	0.020733	0
2.1679	0.10803	0.018387	0
2.2962	0.20716	0.093357	0
0.72568	-0.031585	0.070146	0
-1.3664	-0.1904	-0.0094248	0
1.0202	-0.0094809	-0.081538	0
-0.31489	-0.10587	-0.017555	0
-0.15481	-0.094394	0.084525	0
1.6282	0.041969	-0.029	0
-1.4182	-0.19543	0.032889	0
1.253	0.0089787	-0.023458	0
1.2831	0.01145	-0.030804	0
-0.65015	-0.13057	0.05626	0
-0.35876	-0.10904	-0.049049	0
2.2066	0.11532	0.030809	0
2.3359	0.19064	-0.0093625	0
2.3343	0.15262	0.083839	0
-1.4112	-0.19473	-0.094259	0
-1.4112	-0.19473	0.094258	0
2.3289	0.14986	-0.065683	0
1.6136	0.040572	-0.0060817	0
1.8513	0.064892	0.029817	0
1.9675	0.078655	-0.043537	0
0.007563	-0.082863	0.080086	0
1.6274	0.041904	0.0016473	0
1.8007	0.059393	-0.031245	0
2.1984	0.1137	-0.0060383	0
2.2438	0.12322	-0.043059	0
0.78584	-0.02715	0.053905	0
2.3514	0.17222	-0.083522	0
-0.83689	-0.14495	-0.06505	0
2.0519	0.089878	-0.05381	0
-0.81062	-0.1429	0.016406	0
-1.1373	-0.16961	0.040948	0
0.41266	-0.054173	-0.026224	0
2.3184	0.14514	-0.034969	0
-0.18663	-0.096664	-0.081214	0
0.34622	-0.058897	-0.071056	0
-0.83766	-0.14501	0.081168	0
-1.117	-0.16786	-0.058846	0
2.3492	0.165	-0.094905	0
1.5548	0.03509	0.045376	0
2.3329	0.19245	0.084055	0
-1.2384	-0.17851	0.050993	0
2.3492	0.17899	-0.0098359	0
1.3975	0.021105	-0.0017653	0
2.347	0.18202	-0.093169	0
-0.95818	-0.15463	0.0066504	0
-1.0409	-0.16143	0.063169	0
-1.0354	-0.16097	0.028118	0
1.7619	0.055285	-0.094684	0
2.2425	0.22144	0.046959	0
-1.6644	-0.22211	0.047749	0
-1.6128	-0.21604	-0.046715	0
2.2642	0.21628	-0.046575	0
2.0812	0.09408	0.076196	0
1.7719	0.056317	0.052931	0
2.3311	0.19349	0.033185	0
0.20323	-0.069026	0.035949	0
1.5525	0.034865	0.070818	0
-1.1954	-0.17468	-0.045662	0
1.1892	0.0038116	0.072316	0
-1.2554	-0.18005	-0.040399	0
1.0572	0.35472	0.00024345	0
0.12244	0.42496	-0.025252	0
0.35169	0.40824	0.03509	0
1.5709	0.31009	0.039914	0
1.5708	0.31009	-0.039914	0
0.7631	0.37764	-0.047465	0
0.99438	0.35972	0.050532	0
-0.23658	0.45123	0.016082	0
-0.29773	0.45576	-0.056868	0
1.7374	0.2933	-1.3562e-16	0
-0.14272	0.44432	0.055912	0
0.53975	0.3944	-0.00096958	0
1.2258	0.34089	-0.06282	0
0.28446	0.41315	-0.061909	0
-0.37967	0.46186	-0.017427	0
1.8169	0.28463	0.064598	0
1.8164	0.28471	-0.065479	0
0.59055	0.39062	0.062371	0
1.3728	0.32829	0.06684	0
1.4251	0.32362	0.01153	0
1.2361	0.34004	-0.030077	0
1.8489	0.28093	0.028841	0
1.8421	0.28176	-0.027965	0
0.74471	0.37904	0.026058	0
-0.48202	0.46957	0.04004	0
0.14415	0.42338	0.0045814	0
1.5249	0.31445	-0.070385	0
-0.50582	0.47137	0.069434	0
0.19982	0.41932	0.071419	0
0.49339	0.39782	-0.02847	0
0.89782	0.36729	-0.071784	0
1.2666	0.33744	0.03566	0
0.84284	0.37154	-0.020791	0
-0.022511	0.43553	-0.074332	0
1.4946	0.31728	-0.012843	0
0.0059435	0.43345	0.036297	0
-0.54687	0.47451	-0.074747	0
-0.54403	0.47429	0.0025033	0
0.91457	0.36599	0.073794	0
0.5656	0.39247	-0.074099	0
1.5999	0.30727	0.075556	0
-0.56002	0.47551	-0.041434	0
-0.00041569	0.43391	-0.046741	0
-0.11057	0.44197	-0.0085056	0
1.0619	0.35434	0.02273	0
1.9107	0.27357	0.0078392	0
1.0408	0.35603	-0.044764	0
1.6157	0.30573	0.018551	0
1.9535	0.26819	0.048597	0
1.9203	0.27244	-0.047538	0
-0.22706	0.45053	0.078379	0
0.61342	0.38892	0.045489	0
1.2713	0.33706	-0.0071895	0
-0.12684	0.44316	-0.032286	0
1.1568	0.34663	0.079322	0
0.79978	0.37484	0.0054252	0
1.9497	0.26873	0.081227	0
1.9597	0.26738	-0.080775	0
0.39528	0.40504	0.015542	0
1.3143	0.33338	-0.080563	0
0.20152	0.4192	0.050043	0
-0.61606	0.47982	0.022911	0
0.27315	0.41398	-0.044282	0
1.3271	0.33227	-0.045312	0
1.9417	0.26972	-0.01187	0
-0.30721	0.45646	-0.079673	0
0.30472	0.41167	-0.0108	0
1.7718	0.28963	0.046727	0
1.7479	0.29219	-0.046228	0
1.7032	0.29689	-0.080613	0
0.21306	0.41836	-0.080577	0
0.50978	0.39662	-0.05143	0
0.4448	0.40141	0.080954	0
-0.63508	0.48129	-0.01372	0
-0.65121	0.48254	0.054123	0
1.7023	0.29699	-0.018492	0
1.53	0.31397	0.058055	0
-0.23459	0.45108	0.040203	0
1.1093	0.35052	-0.082424	0
-0.65997	0.48323	-0.058268	0
0.41256	0.40377	0.052933	0
1.2174	0.34161	0.050768	0
0.70329	0.38218	0.082205	0
-0.0012044	0.43397	0.083849	0
1.7659	0.29028	0.081832	0
1.2128	0.34198	0.011029	0
1.0706	0.35364	-0.016788	0
1.4173	0.32432	0.083194	0
-0.30945	0.45663	-0.0019478	0
-0.37118	0.46122	0.056398	0
-0.66155	0.48335	0.083818	0
0.80993	0.37408	0.059303	0
1.4189	0.32417	-0.028921	0
1.6247	0.30484	-0.056853	0
1.4537	0.32104	0.027589	0
0.16661	0.42174	0.021936	0
1.5857	0.30865	0.00043723	0
1.9696	0.26609	0.063595	0
1.9689	0.26619	-0.063229	0
0.63969	0.38695	-0.015808	0
1.3982	0.32602	0.045127	0
-0.34796	0.45949	-0.039471	0
1.0911	0.352	0.06469	0
0.73604	0.37969	-0.064315	0
1.9727	0.26569	0.022609	0
0.7562	0.37817	-0.082256	0
0.81726	0.37351	0.041136	0
0.59442	0.39033	0.012513	0
1.9799	0.26472	-0.03174	0
-0.40743	0.46395	0.025285	0
0.68118	0.38384	-0.033073	0
1.7783	0.28889	0.015034	0
1.3985	0.32599	-0.06144	0
-0.075055	0.43936	0.0058371	0
0.92117	0.36547	-0.057252	0
-0.41293	0.46436	0.085112	0
0.54862	0.39374	0.029416	0
-0.67955	0.48477	0.038878	0
0.4148	0.40361	-0.085024	0
-0.68559	0.48524	-0.085461	0
0.09324	0.42709	-0.010287	0
1.7127	0.29591	0.031721	0
0.89063	0.36785	-0.03538	0
-0.67821	0.48466	-0.028901	0
1.6805	0.29921	0.059849	0
1.094	0.35175	0.037055	0
1.5187	0.31504	-0.085267	0
0.0080826	0.43329	0.067237	0
0.23532	0.41674	0.085104	0
-0.11356	0.44219	-0.059747	0
0.89359	0.36762	-0.007275	0
0.08407	0.42776	-0.062386	0
1.7042	0.29678	-0.032567	0
-0.053802	0.43781	0.020332	0
1.8279	0.28337	-0.085778	0
1.8182	0.28446	-0.011442	0
-0.69307	0.48583	0.068621	0
0.93466	0.36442	-0.087559	0
0.30914	0.41135	-0.024942	0
1.9864	0.26386	0.035675	0
-0.12242	0.44284	-0.086263	0
1.0097	0.3585	0.086214	0
-0.69794	0.48621	0.010385	0
1.0568	0.35475	-0.065552	0
-0.47213	0.46882	-0.062111	0
0.38866	0.40553	0.067503	0
-0.47252	0.46885	-0.088348	0
-0.041442	0.43691	0.048871	0
-0.18243	0.44724	-0.046394	0
0.38001	0.40616	0.0018163	0
1.4373	0.32251	-0.0038915	0
1.0649	0.35409	-0.03119	0
1.5806	0.30913	-0.026353	0
1.2153	0.34178	-0.047556	0
0.88405	0.36836	0.01697	0
0.48376	0.39853	-0.06682	0
1.493	0.3174	-0.050825	0
1.7013	0.29711	-0.063687	0
-0.41355	0.4644	0.011869	0
0.17321	0.42126	0.038978	0
-0.70949	0.48712	-0.0027608	0
1.2927	0.33523	0.087295	0
-0.70686	0.4869	-0.070092	0
-0.68185	0.48494	-0.046335	0
0.056235	0.42978	-0.08693	0
1.3423	0.33094	0.023387	0
1.992	0.26311	-0.0018616	0
-0.49979	0.47091	-0.0080347	0
1.6127	0.30603	0.088351	0
-0.29328	0.45542	0.06712	0
0.0083131	0.43328	-0.036551	0
-0.55745	0.47531	-0.030464	0
-0.19749	0.44835	0.027743	0
-0.26104	0.45304	-0.069784	0
0.17496	0.42114	-0.051523	0
-0.04172	0.43693	-0.019717	0
-0.24821	0.45209	-0.017758	0
0.83099	0.37245	0.085816	0
0.46262	0.40009	-0.015962	0
0.59119	0.39057	-0.087463	0
0.91532	0.36592	0.029989	0
0.55401	0.39334	-0.040429	0
1.4972	0.31705	0.070952	0
0.66327	0.38519	-0.005969	0
-0.44969	0.46712	-0.048878	0
1.8601	0.27965	0.086958	0
1.4036	0.32554	-0.019271	0
1.9979	0.26234	-0.020711	0
1.6996	0.29728	0.07121	0
0.34374	0.40882	-0.073758	0
0.75373	0.37835	0.070526	0
-0.13184	0.44352	0.088626	0
1.9867	0.26382	0.088206	0
1.9909	0.26325	-0.087852	0
1.6484	0.30247	-0.0077827	0
1.2896	0.33549	0.0031738	0
0.58126	0.39131	0.087355	0
1.8341	0.28267	0.0014459	0
1.2274	0.34076	-0.088108	0
1.844	0.28155	0.039326	0
1.858	0.27989	-0.039834	0
1.1588	0.34646	0.024822	0
1.8308	0.28302	0.054022	0
1.8524	0.28056	-0.055086	0
1.2139	0.34189	-0.072513	0
0.26473	0.41459	0.059618	0
1.0023	0.3591	0.011991	0
2.0042	0.26145	0.012116	0
2.0118	0.26046	0.055553	0
2.0073	0.26106	-0.053585	0
1.1445	0.34764	-0.0084713	0
1.2263	0.34087	0.070024	0
1.4183	0.32424	-0.090412	0
0.66711	0.3849	0.055255	0
-0.37506	0.46152	-0.072269	0
1.6203	0.30529	-0.089803	0
1.5649	0.31066	0.02641	0
1.5051	0.3163	0.016876	0
0.36138	0.40753	-0.051444	0
1.8629	0.27934	0.075144	0
2.0068	0.26111	0.072863	0
2.0034	0.26159	-0.072282	0
1.6652	0.30082	0.047948	0
0.94843	0.36335	0.064547	0
1.0869	0.35232	-0.057755	0
0.28796	0.4129	0.025863	0
-0.26973	0.45368	-0.02812	0
1.869	0.27861	0.017872	0
1.7719	0.2896	-0.054998	0
0.46252	0.4001	0.04347	0
1.6626	0.30106	0.0081641	0
-0.28062	0.45449	0.089789	0
1.8312	0.28298	-0.076276	0
1.214	0.3419	-0.018341	0
-0.54278	0.47419	0.090467	0
0.57587	0.39171	0.078465	0
0.33536	0.40943	0.045747	0
-0.75405	0.49063	0.045252	0
-0.13393	0.44367	0.06761	0
1.3211	0.33278	0.077093	0
1.4188	0.32419	-0.07202	0
0.65502	0.38581	-0.055228	0
0.90378	0.36684	-0.046439	0
0.15057	0.42291	-0.034875	0
-0.51201	0.47184	0.059612	0
-0.36552	0.4608	0.074967	0
1.5068	0.31615	0.090447	0
-0.75318	0.49056	0.024498	0
1.9105	0.27362	-0.089969	0
0.1052	0.42622	-0.072716	0
0.045526	0.43056	0.013555	0
0.75626	0.37817	0.015412	0
0.42396	0.40294	-0.037037	0
2.0102	0.26066	-0.042536	0
1.1815	0.34459	0.0010008	0
0.68866	0.38328	0.035521	0
1.4155	0.32449	0.056549	0
0.95196	0.36308	0.039819	0
1.3309	0.33195	-0.035402	0
1.4564	0.3208	-0.041754	0
0.21956	0.41789	0.012207	0
0.12326	0.4249	0.090568	0
0.28515	0.4131	-0.089825	0
1.4593	0.32052	0.037907	0
1.0362	0.35641	0.076088	0
-0.3661	0.46084	0.034173	0
-0.2548	0.45258	0.050684	0
1.9235	0.272	-0.023247	0
0.053512	0.42998	0.05629	0
1.1881	0.34405	0.090209	0
1.648	0.30252	-0.045413	0
1.1421	0.34784	-0.038115	0
0.68563	0.3835	-0.073011	0
1.594	0.30785	-0.077771	0
0.47892	0.39889	0.0084661	0
0.38797	0.40558	0.091996	0
-0.563	0.47573	0.012219	0
0.67574	0.38425	0.0042124	0
-0.31299	0.45689	-0.011411	0
0.96771	0.36184	-0.025945	0
-0.2875	0.455	-0.090897	0
1.0351	0.35649	-0.091362	0
1.7421	0.29283	-0.090136	0
0.9247	0.36521	0.0017579	0
-0.52857	0.4731	0.03037	0
-0.51248	0.47188	0.049932	0
1.2984	0.33474	-0.055731	0
-0.0058545	0.43431	-0.0030492	0
-0.17566	0.44674	-0.00094684	0
-0.74386	0.48983	-0.020326	0
1.7182	0.29533	0.0907	0
1.5237	0.31459	0.048712	0
1.5859	0.30865	0.064811	0
0.87291	0.36923	0.049161	0
0.20467	0.41897	-0.017277	0
0.20234	0.41914	-0.0047387	0
1.3126	0.33351	-0.067515	0
1.8961	0.27534	0.067546	0
2.0203	0.25922	-0.011571	0
1.5181	0.31511	-0.059517	0
-0.15668	0.44535	-0.078003	0
0.61034	0.38914	-0.065425	0
1.1947	0.34349	0.041431	0
-0.37076	0.4612	0.045238	0
1.8957	0.27539	-0.061551	0
-0.76559	0.49155	0.09163	0
0.78545	0.37595	-0.012666	0
1.7914	0.28746	-0.019599	0
-0.58073	0.4771	-0.09134	0
0.41238	0.40379	0.024907	0
0.41422	0.40365	-0.0082336	0
-0.74392	0.48983	0.060235	0
0.53881	0.39446	0.053485	0
-0.77795	0.49253	-0.053867	0
1.1023	0.35108	0.054813	0
1.9169	0.27281	0.033287	0
-0.53482	0.47358	0.080176	0
0.30096	0.41195	0.076826	0
-0.10197	0.44133	0.040049	0
-0.51762	0.47227	-0.020013	0
1.754	0.29153	-0.073518	0
-0.75469	0.49068	0.075767	0
-0.76325	0.49136	-0.036419	0
0.13513	0.42404	0.079202	0
0.7424	0.37922	0.047664	0
1.0091	0.35855	-0.0083557	0
0.61475	0.38882	-0.025258	0
1.9096	0.27376	0.057314	0
1.7793	0.2888	0.024547	0
1.0006	0.35924	-0.074363	0
1.9226	0.2721	-0.0015471	0
1.6043	0.30686	-0.017457	0
-0.58042	0.47708	-0.050489	0
0.67938	0.38397	0.091444	0
1.9102	0.27368	-0.071617	0
1.3896	0.32678	0.092621	0
1.2956	0.33498	0.058813	0
1.7776	0.28899	-0.037364	0
0.23559	0.41672	-0.069944	0
1.3186	0.333	-0.024653	0
1.931	0.27105	0.091285	0
0.47127	0.39945	0.061186	0
2.0167	0.25974	0.043766	0
-0.0081593	0.43448	0.092609	0
-0.40622	0.46385	0.065205	0
0.80321	0.37459	-0.05611	0
0.82384	0.37301	-0.090888	0
1.7372	0.29333	-0.0087991	0
-0.10096	0.44126	0.078643	0
-0.59973	0.47857	-0.0046266	0
-0.75699	0.49086	-0.011174	0
1.8281	0.28332	0.010045	0
0.14932	0.423	0.062981	0
1.677	0.29958	0.080888	0
0.93234	0.36461	-0.015563	0
-0.58233	0.47722	-0.06705	0
-0.46265	0.4681	-0.037275	0
1.1297	0.34885	0.016214	0
-0.76518	0.49152	-0.077953	0
0.84953	0.37103	-0.064536	0
1.4367	0.32256	-0.080909	0
1.6621	0.30109	0.038418	0
0.040205	0.43095	0.025499	0
1.5075	0.31609	0.080475	0
2.0229	0.25886	0.028199	0
1.5716	0.31001	0.0096181	0
1.3299	0.33202	0.01306	0
0.63516	0.38729	0.022914	0
0.8193	0.37335	0.07794	0
-0.61473	0.47972	0.044559	0
1.301	0.33452	0.043135	0
-0.10359	0.44145	-0.040684	0
1.7574	0.29117	0.055499	0
1.1356	0.34837	-0.024457	0
0.16062	0.42218	-0.090836	0
-0.26401	0.45325	0.0079915	0
-0.42783	0.46547	0.0029943	0
1.7849	0.28815	0.032702	0
1.1865	0.34417	0.060056	0
1.4932	0.31741	-0.02286	0
1.0956	0.35163	0.045942	0
-0.14759	0.44468	0.047806	0
1.3612	0.3293	0.034052	0
0.78192	0.37622	-0.038695	0
0.72893	0.38023	-0.022863	0
2.0321	0.25753	0.064402	0
2.0304	0.25777	-0.063819	0
0.082739	0.42785	0.04381	0
0.80694	0.37431	-0.029582	0
1.6053	0.30675	-0.067093	0
1.412	0.32479	0.018489	0
0.54178	0.39424	-0.011429	0
0.69484	0.38281	-0.091646	0
1.9113	0.2735	-0.032637	0
0.11283	0.42566	-0.044182	0
-0.2208	0.45007	-0.039135	0
1.5217	0.31476	-0.032305	0
-0.28171	0.45457	0.024823	0
0.65427	0.38586	-0.044965	0
-0.77368	0.49219	0.0043417	0
1.488	0.31789	0.0043644	0
1.5187	0.31502	-0.0049602	0
-0.35942	0.46035	-0.064054	0
1.0144	0.35813	0.03115	0
1.4131	0.32469	0.075044	0
0.43782	0.40192	-0.076162	0
-0.76502	0.49151	-0.091508	0
0.8733	0.3692	-0.080323	0
-0.12423	0.44297	0.014083	0
0.48972	0.39809	-0.091617	0
0.92266	0.36536	0.091581	0
-0.77178	0.49205	0.034776	0
-0.77519	0.49232	0.014453	0
-0.011181	0.4347	-0.056542	0
-0.046624	0.43729	-0.091505	0
2.0394	0.25646	-0.034236	0
0.29344	0.4125	-0.033064	0
-0.29822	0.45579	-0.04857	0
-0.13372	0.44366	-0.068227	0
2.0327	0.25745	0.0039589	0
-0.64608	0.48215	-0.076857	0
-0.77782	0.49253	-0.062445	0
0.52043	0.39582	0.070398	0
1.1174	0.34985	0.0080956	0
0.85008	0.37098	0.067728	0
-0.090679	0.44051	0.029318	0
0.22604	0.41741	0.032286	0
-0.02316	0.43557	-0.065431	0
-0.60142	0.47869	0.073526	0
1.7981	0.28671	0.092308	0
1.3109	0.33366	-0.092494	0
0.060008	0.42951	-0.018401	0
0.99611	0.35959	-0.037338	0
-0.47862	0.46931	0.019869	0
-0.41773	0.46472	0.093162	0
-0.61563	0.47979	0.063482	0
-0.20336	0.44878	-0.054107	0
2.0306	0.25773	0.019159	0
0.51111	0.39651	0.01896	0
1.251	0.33877	-0.039292	0
1.9405	0.26985	-0.05607	0
0.55275	0.39343	0.038044	0
0.95173	0.36308	-0.065096	0
-0.61741	0.47993	-0.022735	0
1.5743	0.30976	-0.048125	0
1.662	0.30111	-0.025979	0
0.25954	0.41497	0.0034897	0
1.4054	0.32537	-0.052964	0
0.80692	0.3743	0.032539	0
1.7128	0.29589	0.019225	0
0.79505	0.37521	-0.0025075	0
1.9192	0.27252	0.024758	0
1.9431	0.26953	0.015184	0
0.43235	0.40232	-0.045821	0
-0.64866	0.48236	-0.036711	0
1.8669	0.27886	-0.017007	0
1.0547	0.35492	0.092871	0
0.64687	0.38641	-0.081001	0
1.6058	0.30668	0.055628	0
0.26148	0.41483	0.093183	0
-0.5658	0.47595	-0.082566	0
0.69971	0.38244	0.063172	0
-0.65243	0.48265	0.092473	0
1.0034	0.35901	-0.052318	0
-0.0305	0.43611	-0.082922	0
-0.096183	0.44091	-0.051452	0
1.6466	0.30265	0.025868	0
1.7464	0.29234	0.0082823	0
1.6595	0.30134	0.00018473	0
1.6289	0.30443	-0.034734	0
1.9374	0.27024	-0.038857	0
0.097408	0.42678	0.071693	0
2.0295	0.25793	0.081126	0
2.0295	0.25793	-0.081126	0
1.9462	0.26911	0.071857	0
1.1212	0.34954	-0.073584	0
1.8227	0.28396	-0.093177	0
1.5197	0.31494	-0.093294	0
0.39274	0.40523	-0.093263	0
1.3775	0.32786	-0.010347	0
0.35833	0.40775	-0.017691	0
-0.42312	0.46512	-0.028795	0
-0.39344	0.4629	-0.092977	0
-0.019084	0.43528	-0.012607	0
1.7539	0.29155	-0.027603	0
-0.65531	0.48287	0.031446	0
-0.64803	0.48231	0.0035111	0
1.1455	0.34755	-0.092379	0
1.0108	0.35842	0.057692	0
0.32052	0.41052	-0.081249	0
-0.16381	0.44587	-0.092354	0
-0.57828	0.47692	0.037245	0
-0.048688	0.43744	0.06057	0
1.1806	0.34466	0.032729	0
0.034546	0.43136	0.004092	0
1.7841	0.28825	0.072112	0
-0.44583	0.46683	-0.07892	0
0.46245	0.4001	0.034103	0
-0.3217	0.45754	0.082062	0
0.39029	0.40541	-0.029541	0
-0.23947	0.45144	0.059545	0
0.0041121	0.43358	-0.027276	0
0.40023	0.40468	-0.058815	0
-0.21674	0.44977	-0.0085466	0
1.7455	0.29244	0.064282	0
-0.78106	0.49279	-0.027442	0
2.0419	0.25609	-0.0045577	0
0.18713	0.42025	-0.058914	0
0.78224	0.37619	0.092785	0
1.4652	0.31996	-0.065761	0
0.92285	0.36534	0.081906	0
-0.67689	0.48456	-0.093598	0
0.099402	0.42664	-0.002618	0
1.7034	0.29687	-0.039646	0
1.7743	0.28932	-0.081049	0
-0.0072926	0.43441	0.07474	0
0.53215	0.39496	-0.059544	0
-0.78379	0.49301	0.066983	0
0.92721	0.365	-0.094268	0
2.0373	0.25677	-0.027213	0
1.1986	0.34316	-0.080515	0
1.5104	0.3158	-0.077991	0
1.0077	0.35867	-0.082828	0
0.58076	0.39135	-0.032392	0
-0.1614	0.44569	0.021198	0
1.6726	0.30003	-0.072536	0
1.2402	0.33969	0.019359	0
0.33906	0.40916	0.084664	0
-0.38616	0.46235	-0.0071651	0
0.10979	0.42588	-0.080499	0
1.8675	0.27877	-0.007606	0
0.80019	0.37481	-0.072704	0
0.107	0.42609	0.032578	0
0.88052	0.36864	0.009637	0
1.7979	0.28672	-0.0050465	0
2.0392	0.25649	0.035528	0
1.1281	0.34898	0.072531	0
2.0304	0.25777	0.092331	0
2.0313	0.25765	-0.092412	0
-0.40519	0.46377	-0.056644	0
0.84342	0.3715	0.023909	0
0.92772	0.36496	0.056247	0
1.7384	0.29321	0.039278	0
0.95413	0.36289	0.02279	0
1.9379	0.27021	0.041111	0
1.3264	0.33232	0.050878	0
0.64097	0.38685	0.07119	0
1.3177	0.33307	-0.01596	0
0.32825	0.40995	0.0090593	0
-0.14284	0.44433	-0.023853	0
0.36264	0.40744	-0.066771	0
-0.79933	0.49425	-0.0046226	0
1.1007	0.3512	0.085198	0
1.9633	0.26691	0.029511	0
-0.54213	0.47414	-0.057455	0
-0.78974	0.49348	0.053419	0
-0.79182	0.49365	-0.084984	0
1.1032	0.351	0.02973	0
1.3906	0.32669	0.0038779	0
0.53005	0.39511	-0.020782	0
-0.20769	0.4491	-0.085438	0
1.889	0.27621	-0.080883	0
1.9625	0.26701	-0.093327	0
1.9707	0.26595	0.0059377	0
1.0043	0.35893	-0.059595	0
-0.79279	0.49373	0.083736	0
-0.24949	0.45219	0.03231	0
0.36061	0.40758	0.060347	0
-0.79663	0.49403	-0.045232	0
0.52067	0.39581	-0.082771	0
-0.34738	0.45945	0.017653	0
1.5747	0.3097	-0.0093285	0
-0.12774	0.44322	-0.015923	0
-0.3763	0.46161	-0.086014	0
0.27029	0.41419	-0.054591	0
0.31045	0.41125	0.053473	0
0.28105	0.4134	0.066588	0
-0.17095	0.4464	0.034259	0
0.21413	0.41828	-0.027052	0
1.9788	0.26486	0.094656	0
1.2935	0.33515	0.094243	0
-0.68218	0.48497	0.017496	0
0.30778	0.41145	-0.0037985	0
0.43231	0.40232	-0.022865	0
1.1435	0.34771	-0.065755	0
-0.47038	0.46869	-0.069669	0
-0.22844	0.45063	-0.062131	0
1.4759	0.31899	0.063015	0
0.078995	0.42813	-0.053067	0
0.49337	0.39782	0.092355	0
1.6149	0.3058	0.032767	0
1.6953	0.2977	-0.053243	0
0.2974	0.41221	0.018333	0
0.27242	0.41403	0.03947	0
1.5312	0.31385	0.033305	0
1.2443	0.33934	0.081499	0
1.871	0.27838	0.047434	0
1.823	0.28394	-0.046841	0
1.2603	0.33799	0.027996	0
1.1826	0.3445	-0.055936	0
0.57238	0.39197	0.0060556	0
1.3539	0.32992	-0.0028752	0
1.1179	0.34981	-0.048377	0
