"f_1113-1"	"Points:0"	"Points:1"	"Points:2"
2.0738	-0.5	-0.1	0
2.2648	-0.25	-0.1	0
-0.11931	0.25	-0.1	0
2.0738	0.5	-0.1	0
2.0738	0.5	0.1	0
-0.11931	0.25	0.1	0
2.2648	-0.25	0.1	0
2.0738	-0.5	0.1	0
2.1448	-0.49	-0.1	0
2.2115	-0.48	-0.1	0
2.274	-0.47	-0.1	0
2.3317	-0.46	-0.1	0
2.3845	-0.45	-0.1	0
2.4323	-0.44	-0.1	0
2.4748	-0.43	-0.1	0
2.5118	-0.42	-0.1	0
2.5433	-0.41	-0.1	0
2.5691	-0.4	-0.1	0
2.5892	-0.39	-0.1	0
2.6034	-0.38	-0.1	0
2.6117	-0.37	-0.1	0
2.6142	-0.36	-0.1	0
2.6106	-0.35	-0.1	0
2.6013	-0.34	-0.1	0
2.586	-0.33	-0.1	0
2.5649	-0.32	-0.1	0
2.538	-0.31	-0.1	0
2.5056	-0.3	-0.1	0
2.4677	-0.29	-0.1	0
2.4245	-0.28	-0.1	0
2.3761	-0.27	-0.1	0
2.3227	-0.26	-0.1	0
2.1964	-0.24	-0.1	0
2.1237	-0.23	-0.1	0
2.047	-0.22	-0.1	0
1.9662	-0.21	-0.1	0
1.8819	-0.2	-0.1	0
1.7944	-0.19	-0.1	0
1.704	-0.18	-0.1	0
1.6112	-0.17	-0.1	0
1.5162	-0.16	-0.1	0
1.4195	-0.15	-0.1	0
1.3213	-0.14	-0.1	0
1.2221	-0.13	-0.1	0
1.1224	-0.12	-0.1	0
1.0224	-0.11	-0.1	0
0.92264	-0.1	-0.1	0
0.82345	-0.09	-0.1	0
0.72526	-0.08	-0.1	0
0.62841	-0.07	-0.1	0
0.5333	-0.06	-0.1	0
0.44037	-0.05	-0.1	0
0.34986	-0.04	-0.1	0
0.26226	-0.03	-0.1	0
0.17788	-0.02	-0.1	0
0.097022	-0.01	-0.1	0
0.020046	-6.8806e-13	-0.1	0
-0.052833	0.01	-0.1	0
-0.12117	0.02	-0.1	0
-0.18491	0.03	-0.1	0
-0.24369	0.04	-0.1	0
-0.29722	0.05	-0.1	0
-0.3453	0.06	-0.1	0
-0.3877	0.07	-0.1	0
-0.42447	0.08	-0.1	0
-0.45531	0.09	-0.1	0
-0.48007	0.1	-0.1	0
-0.49869	0.11	-0.1	0
-0.51106	0.12	-0.1	0
-0.51723	0.13	-0.1	0
-0.51711	0.14	-0.1	0
-0.5107	0.15	-0.1	0
-0.49808	0.16	-0.1	0
-0.4792	0.17	-0.1	0
-0.45421	0.18	-0.1	0
-0.42328	0.19	-0.1	0
-0.38635	0.2	-0.1	0
-0.34363	0.21	-0.1	0
-0.29544	0.22	-0.1	0
-0.24143	0.23	-0.1	0
-0.18305	0.24	-0.1	0
-0.050508	0.26	-0.1	0
0.022234	0.27	-0.1	0
0.098694	0.28	-0.1	0
0.17876	0.29	-0.1	0
0.26204	0.3	-0.1	0
0.34821	0.31	-0.1	0
0.43697	0.32	-0.1	0
0.52795	0.33	-0.1	0
0.62083	0.34	-0.1	0
0.71529	0.35	-0.1	0
0.81093	0.36	-0.1	0
0.9074	0.37	-0.1	0
1.0043	0.38	-0.1	0
1.1014	0.39	-0.1	0
1.1982	0.4	-0.1	0
1.2944	0.41	-0.1	0
1.3895	0.42	-0.1	0
1.4834	0.43	-0.1	0
1.5755	0.44	-0.1	0
1.6656	0.45	-0.1	0
1.7532	0.46	-0.1	0
1.8382	0.47	-0.1	0
1.9201	0.48	-0.1	0
1.9987	0.49	-0.1	0
2.0736	0.5	-0.09	0
2.0736	0.5	-0.08	0
2.0738	0.5	-0.07	0
2.0737	0.5	-0.06	0
2.0736	0.5	-0.05	0
2.0738	0.5	-0.04	0
2.0737	0.5	-0.03	0
2.0738	0.5	-0.02	0
2.0736	0.5	-0.01	0
2.0738	0.5	-2.6559e-13	0
2.0736	0.5	0.01	0
2.0737	0.5	0.02	0
2.0737	0.5	0.03	0
2.0738	0.5	0.04	0
2.0737	0.5	0.05	0
2.0738	0.5	0.06	0
2.0737	0.5	0.07	0
2.0737	0.5	0.08	0
2.0736	0.5	0.09	0
1.9987	0.49	0.1	0
1.9201	0.48	0.1	0
1.8382	0.47	0.1	0
1.7532	0.46	0.1	0
1.6656	0.45	0.1	0
1.5755	0.44	0.1	0
1.4834	0.43	0.1	0
1.3895	0.42	0.1	0
1.2944	0.41	0.1	0
1.1982	0.4	0.1	0
1.1014	0.39	0.1	0
1.0043	0.38	0.1	0
0.9074	0.37	0.1	0
0.81093	0.36	0.1	0
0.71529	0.35	0.1	0
0.62083	0.34	0.1	0
0.52795	0.33	0.1	0
0.43697	0.32	0.1	0
0.34821	0.31	0.1	0
0.26204	0.3	0.1	0
0.17876	0.29	0.1	0
0.098694	0.28	0.1	0
0.022234	0.27	0.1	0
-0.050508	0.26	0.1	0
-0.18305	0.24	0.1	0
-0.24143	0.23	0.1	0
-0.29544	0.22	0.1	0
-0.34363	0.21	0.1	0
-0.38635	0.2	0.1	0
-0.42328	0.19	0.1	0
-0.45421	0.18	0.1	0
-0.4792	0.17	0.1	0
-0.49808	0.16	0.1	0
-0.5107	0.15	0.1	0
-0.51711	0.14	0.1	0
-0.51723	0.13	0.1	0
-0.51106	0.12	0.1	0
-0.49869	0.11	0.1	0
-0.48007	0.1	0.1	0
-0.45531	0.09	0.1	0
-0.42447	0.08	0.1	0
-0.3877	0.07	0.1	0
-0.3453	0.06	0.1	0
-0.29722	0.05	0.1	0
-0.24369	0.04	0.1	0
-0.18491	0.03	0.1	0
-0.12117	0.02	0.1	0
-0.052833	0.01	0.1	0
0.020046	6.8806e-13	0.1	0
0.097022	-0.01	0.1	0
0.17788	-0.02	0.1	0
0.26226	-0.03	0.1	0
0.34986	-0.04	0.1	0
0.44037	-0.05	0.1	0
0.5333	-0.06	0.1	0
0.62841	-0.07	0.1	0
0.72526	-0.08	0.1	0
0.82345	-0.09	0.1	0
0.92264	-0.1	0.1	0
1.0224	-0.11	0.1	0
1.1224	-0.12	0.1	0
1.2221	-0.13	0.1	0
1.3213	-0.14	0.1	0
1.4195	-0.15	0.1	0
1.5162	-0.16	0.1	0
1.6112	-0.17	0.1	0
1.704	-0.18	0.1	0
1.7944	-0.19	0.1	0
1.8819	-0.2	0.1	0
1.9662	-0.21	0.1	0
2.047	-0.22	0.1	0
2.1237	-0.23	0.1	0
2.1964	-0.24	0.1	0
2.3227	-0.26	0.1	0
2.3761	-0.27	0.1	0
2.4245	-0.28	0.1	0
2.4677	-0.29	0.1	0
2.5056	-0.3	0.1	0
2.538	-0.31	0.1	0
2.5649	-0.32	0.1	0
2.586	-0.33	0.1	0
2.6013	-0.34	0.1	0
2.6106	-0.35	0.1	0
2.6142	-0.36	0.1	0
2.6117	-0.37	0.1	0
2.6034	-0.38	0.1	0
2.5892	-0.39	0.1	0
2.5691	-0.4	0.1	0
2.5433	-0.41	0.1	0
2.5118	-0.42	0.1	0
2.4748	-0.43	0.1	0
2.4323	-0.44	0.1	0
2.3845	-0.45	0.1	0
2.3317	-0.46	0.1	0
2.274	-0.47	0.1	0
2.2115	-0.48	0.1	0
2.1448	-0.49	0.1	0
2.0736	-0.5	0.09	0
2.0737	-0.5	0.08	0
2.0737	-0.5	0.07	0
2.0738	-0.5	0.06	0
2.0737	-0.5	0.05	0
2.0738	-0.5	0.04	0
2.0737	-0.5	0.03	0
2.0737	-0.5	0.02	0
2.0736	-0.5	0.01	0
2.0738	-0.5	2.6559e-13	0
2.0736	-0.5	-0.01	0
2.0738	-0.5	-0.02	0
2.0737	-0.5	-0.03	0
2.0738	-0.5	-0.04	0
2.0736	-0.5	-0.05	0
2.0737	-0.5	-0.06	0
2.0738	-0.5	-0.07	0
2.0736	-0.5	-0.08	0
2.0736	-0.5	-0.09	0
2.2646	-0.25	0.09	0
2.2644	-0.25	0.08	0
2.2648	-0.25	0.07	0
2.2646	-0.25	0.06	0
2.2649	-0.25	0.05	0
2.2645	-0.25	0.04	0
2.2645	-0.25	0.03	0
2.2646	-0.25	0.02	0
2.2648	-0.25	0.01	0
2.2645	-0.25	2.6559e-13	0
2.2645	-0.25	-0.01	0
2.2647	-0.25	-0.02	0
2.2645	-0.25	-0.03	0
2.2646	-0.25	-0.04	0
2.2647	-0.25	-0.05	0
2.2647	-0.25	-0.06	0
2.2647	-0.25	-0.07	0
2.2645	-0.25	-0.08	0
2.2645	-0.25	-0.09	0
-0.11918	0.25	0.09	0
-0.11895	0.25	0.08	0
-0.11933	0.25	0.07	0
-0.11931	0.25	0.06	0
-0.11932	0.25	0.05	0
-0.11915	0.25	0.04	0
-0.11902	0.25	0.03	0
-0.1191	0.25	0.02	0
-0.11936	0.25	0.01	0
-0.11907	0.25	2.6559e-13	0
-0.11908	0.25	-0.01	0
-0.11943	0.25	-0.02	0
-0.11901	0.25	-0.03	0
-0.11913	0.25	-0.04	0
-0.1193	0.25	-0.05	0
-0.11928	0.25	-0.06	0
-0.11941	0.25	-0.07	0
-0.11898	0.25	-0.08	0
-0.11919	0.25	-0.09	0
2.5971	-0.385	-2.0817e-17	0
2.5689	-0.32175	0.030076	0
2.5862	-0.33021	-0.03499	0
2.4468	-0.43669	0.036694	0
2.4541	-0.43503	-0.035604	0
2.6119	-0.37003	0.049478	0
2.6057	-0.37785	-0.049604	0
2.4868	-0.29492	-0.0076492	0
2.4798	-0.29305	-0.056948	0
2.3405	-0.45837	-0.0012153	0
2.4732	-0.29139	0.058605	0
2.5547	-0.40586	0.062681	0
2.6075	-0.34598	-6.7803e-06	0
2.3055	-0.46462	0.061002	0
2.3092	-0.46401	-0.063219	0
2.5938	-0.33483	0.063638	0
2.5072	-0.42136	0.003541	0
2.5372	-0.41201	-0.063567	0
2.6087	-0.34714	-0.065353	0
2.4449	-0.28458	0.024955	0
2.5604	-0.40363	-0.029576	0
2.5673	-0.4008	0.029124	0
2.2833	-0.46845	0.030124	0
2.2856	-0.46805	-0.030109	0
2.6139	-0.35901	-0.026837	0
2.4594	-0.43377	0.070492	0
2.5608	-0.31839	-0.07132	0
2.4181	-0.27863	-0.031587	0
2.6095	-0.34868	0.027717	0
2.6009	-0.38211	0.072725	0
2.4429	-0.4376	-0.073793	0
2.5639	-0.31963	0.0025951	0
2.5923	-0.38807	-0.073966	0
2.6088	-0.37424	0.023501	0
2.5215	-0.30472	-0.031175	0
2.5442	-0.31213	0.074854	0
2.4021	-0.27528	-0.073361	0
2.6137	-0.35717	0.075386	0
2.3972	-0.27422	0.07514	0
2.3998	-0.27479	0.004924	0
2.4415	-0.43792	-0.014188	0
2.5478	-0.31341	0.049858	0
2.3901	-0.27277	0.045439	0
2.6015	-0.38164	-0.022746	0
2.6137	-0.36486	-0.078753	0
2.4282	-0.44086	0.014626	0
2.2283	-0.47737	0.010852	0
2.4992	-0.29823	-0.078284	0
2.3875	-0.27225	-0.051342	0
2.2231	-0.47818	0.078117	0
2.2225	-0.47827	-0.078241	0
2.2248	-0.47797	-0.011227	0
2.5134	-0.30221	0.019628	0
2.5554	-0.31627	-0.049725	0
2.5877	-0.39092	0.047146	0
2.2223	-0.47834	0.047721	0
2.2194	-0.47875	-0.048669	0
2.5186	-0.41802	0.039271	0
2.5275	-0.41526	0.080487	0
2.6098	-0.34897	-0.045621	0
2.5882	-0.33113	-0.015208	0
2.6141	-0.36352	-0.0053262	0
2.5718	-0.39888	-0.047258	0
2.5594	-0.40408	-0.0074599	0
2.3736	-0.45215	0.07884	0
2.596	-0.33619	0.041007	0
2.5171	-0.41848	-0.046997	0
2.4906	-0.42589	0.025674	0
2.5182	-0.30363	0.037827	0
2.3603	-0.45471	0.04495	0
2.3626	-0.4543	-0.045729	0
2.5951	-0.33543	-0.080225	0
2.371	-0.45263	-0.080643	0
2.4739	-0.29149	0.082065	0
2.5936	-0.33439	0.015223	0
2.3638	-0.2676	-0.014953	0
2.5189	-0.41793	-0.08286	0
2.511	-0.42024	-0.027206	0
2.5854	-0.32966	0.080904	0
2.6113	-0.3505	0.054274	0
2.5451	-0.3124	-0.013656	0
2.456	-0.43458	-0.052184	0
2.5721	-0.39858	0.08125	0
2.5925	-0.33392	-0.051634	0
2.558	-0.40457	0.01083	0
2.6141	-0.35813	0.012641	0
2.3616	-0.45447	-0.017407	0
2.6138	-0.36399	-0.060587	0
2.4725	-0.43058	0.052722	0
2.3625	-0.26733	0.019452	0
2.5638	-0.40228	-0.08281	0
2.3846	-0.44997	0.02797	0
2.359	-0.2667	0.060894	0
2.4038	-0.44609	0.059164	0
2.1855	-0.48397	0.025503	0
2.5913	-0.38875	0.016778	0
2.466	-0.28962	0.0074536	0
2.1854	-0.48398	-0.026816	0
2.3325	-0.45985	0.015275	0
2.4743	-0.29164	-0.040587	0
2.6108	-0.35022	-0.083661	0
2.609	-0.34794	-0.015152	0
2.6138	-0.36384	-0.043002	0
2.6117	-0.36995	0.082644	0
2.1856	-0.48397	0.063235	0
2.1859	-0.48392	-0.063254	0
2.613	-0.36725	0.065106	0
2.4744	-0.29167	-0.02264	0
2.6066	-0.34507	0.085223	0
2.5919	-0.38834	-0.037443	0
2.614	-0.36309	0.034134	0
2.5435	-0.31189	-0.084757	0
2.3959	-0.4477	-0.061303	0
2.3504	-0.26508	-0.037945	0
2.4552	-0.4348	0.085228	0
2.4575	-0.28757	0.044061	0
2.3467	-0.26438	-0.085617	0
2.5105	-0.42034	0.064198	0
2.6036	-0.34213	-0.027903	0
2.5952	-0.38614	0.03024	0
2.4465	-0.28493	-0.085595	0
2.3423	-0.2636	-0.064511	0
2.3005	-0.4655	0.085833	0
2.5865	-0.39139	0.062276	0
2.6051	-0.37824	-0.085196	0
2.6096	-0.37316	0.0087693	0
2.59	-0.38947	-0.059302	0
2.5282	-0.3068	-0.062137	0
2.3838	-0.45011	-0.03121	0
2.4174	-0.44324	0.00040501	0
2.344	-0.2639	0.086102	0
2.3439	-0.26387	0.033787	0
2.5183	-0.41804	-0.010896	0
2.5237	-0.30538	0.0018552	0
2.4515	-0.43562	-0.085527	0
2.5673	-0.32106	0.064793	0
2.5987	-0.38375	0.086496	0
2.5602	-0.31819	-0.028349	0
2.4303	-0.2813	-0.0073808	0
2.6063	-0.377	-0.06502	0
2.5874	-0.3909	-0.012998	0
2.5228	-0.30507	0.062534	0
2.5936	-0.33458	0.029381	0
2.5176	-0.30349	0.086564	0
2.5643	-0.40208	0.046941	0
2.4867	-0.4269	-0.065691	0
2.5898	-0.33227	-0.06941	0
2.5577	-0.31708	0.012824	0
2.457	-0.28741	-0.067331	0
2.1655	-0.48697	-0.00021165	0
2.5936	-0.33454	-0.00067054	0
2.2878	-0.46768	-0.08667	0
2.6049	-0.3786	0.056929	0
2.4277	-0.2807	0.087655	0
2.1658	-0.48693	0.038342	0
2.6093	-0.37374	-0.0334	0
2.5674	-0.40069	-0.07031	0
2.3387	-0.2629	-0.0059158	0
2.4118	-0.27727	0.06431	0
2.2743	-0.46997	-0.0012053	0
2.5082	-0.3008	0.04826	0
2.6118	-0.35222	0.04218	0
2.574	-0.3239	-0.086846	0
2.6092	-0.34821	0.066221	0
2.5661	-0.32048	0.042907	0
2.1695	-0.48636	0.087855	0
2.1678	-0.48661	-0.087979	0
2.1635	-0.48726	-0.039155	0
2.2901	-0.46732	0.043009	0
2.309	-0.46401	-0.051353	0
2.341	-0.26331	-0.026482	0
2.6119	-0.36934	-0.019383	0
2.5145	-0.30262	-0.047567	0
2.5872	-0.39112	-0.087381	0
2.5598	-0.318	0.087562	0
2.613	-0.35468	0.08809	0
2.6077	-0.34616	0.013487	0
2.6052	-0.37821	-0.010688	0
2.4041	-0.446	0.048815	0
2.6102	-0.37288	0.039196	0
2.2873	-0.4678	-0.017818	0
2.3331	-0.26184	0.073833	0
2.581	-0.32744	0.053381	0
2.3337	-0.26197	0.0093266	0
2.4529	-0.43526	0.02519	0
2.4785	-0.42899	0.012902	0
2.2962	-0.46623	-0.072891	0
2.5399	-0.41116	0.030349	0
2.417	-0.27836	-0.065404	0
2.45	-0.43596	-0.024074	0
2.4685	-0.4316	-0.0029044	0
2.4405	-0.2835	-0.049542	0
2.5471	-0.40869	-0.040101	0
2.5342	-0.30874	0.0275	0
2.5584	-0.40447	0.072792	0
2.1456	-0.48987	0.014283	0
2.4192	-0.44286	-0.047017	0
2.4934	-0.42517	0.089939	0
2.5518	-0.40706	0.088391	0
2.5668	-0.32091	-0.058464	0
2.414	-0.27771	0.015962	0
2.2899	-0.46729	0.073172	0
2.3937	-0.27352	0.034696	0
2.5778	-0.39605	0.0017678	0
2.3421	-0.2635	0.049936	0
2.482	-0.29365	0.025084	0
2.5994	-0.3385	0.07306	0
2.4934	-0.4251	0.03475	0
2.6117	-0.35198	-0.0547	0
2.4105	-0.44471	-0.090196	0
2.4344	-0.28218	-0.022791	0
2.6139	-0.35789	0.0015923	0
2.3704	-0.45273	0.010407	0
2.6136	-0.365	-0.089474	0
2.5423	-0.4104	-0.055004	0
2.1289	-0.49227	0.074772	0
2.1294	-0.49221	-0.074799	0
2.4905	-0.29581	0.068276	0
2.5089	-0.30088	-0.016505	0
2.1458	-0.48987	-0.014643	0
2.5865	-0.39164	-0.027955	0
2.5662	-0.32053	-0.038375	0
2.4894	-0.42619	-0.034816	0
2.5309	-0.41417	0.01312	0
2.2485	-0.47415	0.061277	0
2.2495	-0.47401	-0.057351	0
2.5283	-0.41493	0.054067	0
2.5437	-0.40986	-0.015368	0
2.6141	-0.35796	-0.069817	0
2.5421	-0.31141	0.040845	0
2.4128	-0.44425	0.089373	0
2.5106	-0.42031	-0.055083	0
2.1509	-0.48913	0.053249	0
2.1419	-0.49041	-0.054632	0
2.327	-0.26072	-0.054947	0
2.4858	-0.29456	-0.088898	0
2.3709	-0.45264	0.068656	0
2.2357	-0.47625	0.08904	0
2.5371	-0.41206	-0.089965	0
2.5446	-0.40961	-0.074015	0
2.6016	-0.34033	-0.044347	0
2.2461	-0.47457	0.020358	0
2.3986	-0.27448	-0.089879	0
2.5694	-0.32189	-0.0082888	0
2.4363	-0.28259	0.052967	0
2.2335	-0.47659	-0.038697	0
2.5677	-0.4006	-0.058854	0
2.3226	-0.25996	-0.074434	0
2.6144	-0.36009	-0.016999	0
2.5966	-0.33637	0.053225	0
2.5938	-0.33476	-0.024913	0
2.5423	-0.41035	0.0018871	0
2.532	-0.30796	-0.073374	0
2.3953	-0.44786	-0.071041	0
2.4455	-0.28467	0.073135	0
2.3797	-0.45096	-0.0066614	0
2.4903	-0.42599	0.077829	0
2.3978	-0.27435	-0.041288	0
2.4097	-0.44485	-0.021036	0
2.614	-0.35867	0.024139	0
2.5334	-0.41332	-0.031499	0
2.5772	-0.39634	0.038981	0
2.586	-0.39188	0.072415	0
2.5941	-0.33476	0.090345	0
2.6137	-0.35728	0.06284	0
2.2283	-0.47741	0.037751	0
2.4926	-0.42538	-0.090521	0
2.5509	-0.40725	0.02112	0
2.6034	-0.34189	-0.089469	0
2.4833	-0.42785	-0.043241	0
2.606	-0.34439	-0.075832	0
2.3258	-0.46104	0.052544	0
2.304	-0.4649	-0.040908	0
2.4861	-0.42713	-0.015578	0
2.4975	-0.29769	-0.067495	0
2.3384	-0.4588	0.035285	0
2.4024	-0.44642	0.038093	0
2.6135	-0.35612	-0.036696	0
2.6016	-0.3402	-0.0090624	0
2.4246	-0.44167	0.077538	0
2.3495	-0.45675	0.089557	0
2.4709	-0.29072	0.034426	0
2.6048	-0.34315	-0.053581	0
2.4901	-0.29578	0.09208	0
2.5921	-0.3883	-0.048324	0
2.5743	-0.39763	-0.036484	0
2.3537	-0.45595	-0.055571	0
2.5361	-0.30932	-0.041745	0
2.5683	-0.32144	0.073372	0
2.3219	-0.46173	-0.009386	0
2.2337	-0.47655	-0.089145	0
2.5705	-0.39947	-0.018044	0
2.6087	-0.37485	-0.0021699	0
2.6046	-0.34285	0.0365	0
2.607	-0.37679	-0.075525	0
2.6134	-0.3655	0.074408	0
2.5761	-0.32501	-0.049016	0
2.6124	-0.3531	-0.0072963	0
2.5456	-0.31261	-0.0039331	0
2.5651	-0.32004	-0.019385	0
2.3174	-0.25904	0.025904	0
2.6123	-0.36881	-0.051121	0
2.5772	-0.32559	-0.076712	0
2.3117	-0.25803	-0.01524	0
2.604	-0.37955	0.046948	0
2.5773	-0.32559	0.010312	0
2.5776	-0.32567	0.020724	0
2.4471	-0.43665	0.060923	0
2.2476	-0.47432	-0.069499	0
2.2421	-0.47519	0.070664	0
2.3452	-0.45756	-0.090348	0
2.5729	-0.3983	0.019076	0
2.5833	-0.39333	0.090052	0
2.451	-0.43572	0.0075542	0
2.6139	-0.35892	0.048403	0
2.3389	-0.45867	-0.026676	0
2.5143	-0.3025	0.077037	0
2.4798	-0.42873	0.041153	0
2.6012	-0.34014	0.0068156	0
2.2794	-0.4691	0.010156	0
2.4816	-0.42827	-0.07914	0
2.6028	-0.34139	0.022531	0
2.4905	-0.29587	-0.031257	0
2.3863	-0.27202	0.091443	0
2.4376	-0.28288	0.0011135	0
2.467	-0.28978	0.015754	0
2.4466	-0.43681	-0.063674	0
2.5748	-0.39744	0.05626	0
2.5234	-0.30527	-0.091675	0
2.3919	-0.27314	-0.023782	0
2.3126	-0.25821	-0.044898	0
2.3143	-0.25849	0.065048	0
2.6077	-0.37587	0.090819	0
2.3423	-0.45806	-0.07155	0
2.3384	-0.45878	0.024765	0
2.553	-0.40655	0.038735	0
2.3899	-0.27274	-0.0049927	0
2.2332	-0.47662	-0.021374	0
2.6051	-0.37857	0.014561	0
2.4176	-0.44317	0.068263	0
2.6121	-0.36914	-0.067847	0
2.6129	-0.36791	0.016363	0
2.614	-0.3639	0.091179	0
2.3855	-0.44981	0.017538	0
2.5374	-0.30976	-0.023856	0
2.4588	-0.28778	-0.01362	0
2.4157	-0.44357	-0.080101	0
2.4283	-0.44087	0.029928	0
2.5005	-0.2986	0.0093555	0
2.5332	-0.30839	0.010719	0
2.5183	-0.30371	-0.0071365	0
2.6134	-0.35589	-0.091749	0
2.5985	-0.33793	-0.061675	0
2.5908	-0.33286	-0.091471	0
2.6054	-0.34387	0.045533	0
2.587	-0.39123	0.024861	0
2.3144	-0.25853	0.041481	0
2.5291	-0.41482	0.071225	0
2.6135	-0.36541	-0.034231	0
2.6087	-0.34744	0.076075	0
2.5273	-0.41529	0.092142	0
2.5778	-0.3258	0.09125	0
2.4038	-0.27561	0.025763	0
2.558	-0.40452	-0.091593	0
2.5725	-0.39839	0.065835	0
2.614	-0.36378	0.056343	0
2.5087	-0.42089	0.048634	0
2.6135	-0.35707	-0.047249	0
2.3696	-0.45289	0.053476	0
2.5845	-0.32926	0.069958	0
2.5826	-0.3282	0.036213	0
2.1328	-0.49172	-0.024017	0
2.6108	-0.35032	-0.025502	0
2.1287	-0.49228	0.045412	0
2.6104	-0.37217	-0.042363	0
2.1364	-0.49119	0.030601	0
2.5122	-0.41992	-0.071723	0
2.408	-0.44525	-0.038563	0
2.4644	-0.28919	-0.078071	0
2.5064	-0.30024	-0.039368	0
2.5807	-0.39451	-0.078871	0
2.5782	-0.39581	0.010607	0
2.1287	-0.49227	0.0062087	0
2.3095	-0.25767	0.016937	0
2.3889	-0.27257	0.054709	0
2.6134	-0.36608	0.0046806	0
2.6073	-0.37615	0.065068	0
2.3054	-0.25694	-0.034054	0
2.4428	-0.28413	-0.058804	0
2.5548	-0.31601	-0.093038	0
2.5986	-0.38389	-0.092222	0
2.5939	-0.38716	0.0079701	0
2.1281	-0.49238	0.065142	0
2.1293	-0.49222	-0.065334	0
2.438	-0.28303	-0.038507	0
2.6112	-0.35127	0.020028	0
2.6091	-0.37395	-0.09192	0
2.4856	-0.2945	0.0012238	0
2.6097	-0.37314	-0.058475	0
2.1304	-0.49204	-0.0067947	0
2.4174	-0.44323	-0.029277	0
2.5998	-0.38287	0.023441	0
2.6054	-0.37814	0.080654	0
2.2776	-0.46937	-0.0099091	0
2.3689	-0.26862	0.068787	0
2.3774	-0.27027	0.011451	0
2.3135	-0.25836	-0.09164	0
2.327	-0.46084	0.079232	0
2.6136	-0.35708	-0.078297	0
2.4814	-0.42829	0.062175	0
2.1261	-0.49264	-0.045995	0
2.6026	-0.34108	-0.019623	0
2.5469	-0.31311	0.059462	0
2.2671	-0.47112	0.053633	0
2.3501	-0.45664	-0.03628	0
2.579	-0.32646	-0.027214	0
2.584	-0.39281	-0.067273	0
2.6074	-0.34581	0.093191	0
2.2318	-0.47682	0.029014	0
2.1328	-0.49172	0.022469	0
2.6141	-0.36064	0.082228	0
2.4257	-0.28028	0.040952	0
2.4559	-0.28717	-0.031228	0
2.422	-0.4422	-0.055197	0
2.3116	-0.25804	0.091956	0
2.5945	-0.38672	0.055091	0
2.6111	-0.37071	0.030951	0
2.5475	-0.31336	-0.057901	0
2.2203	-0.47866	0.0011184	0
2.2297	-0.47714	-0.030007	0
2.591	-0.38895	0.080113	0
2.5075	-0.30058	-0.025087	0
2.4875	-0.29503	-0.048517	0
2.5966	-0.38542	0.037821	0
2.4524	-0.28635	0.063459	0
2.5013	-0.42297	-0.0050812	0
2.559	-0.31768	-0.078932	0
2.2637	-0.47165	-0.047396	0
2.6009	-0.38211	-0.031068	0
2.4776	-0.2925	0.050542	0
2.4873	-0.29504	0.043023	0
2.5989	-0.3383	-0.03567	0
2.1969	-0.48224	0.017411	0
2.5095	-0.30114	-0.056322	0
2.5796	-0.39514	-0.0066127	0
2.3084	-0.25748	0.056943	0
2.6131	-0.35491	0.034178	0
2.3559	-0.26612	-0.046084	0
2.4545	-0.43492	0.093281	0
2.5185	-0.30381	-0.083643	0
2.3693	-0.26869	-0.078508	0
2.6085	-0.37469	-0.025247	0
2.127	-0.49254	-0.033062	0
2.611	-0.35098	0.0065463	0
2.6024	-0.38087	-0.041586	0
2.3315	-0.46003	0.0077019	0
2.4122	-0.27738	-0.081031	0
2.4577	-0.28759	0.09236	0
2.545	-0.31246	-0.033214	0
2.4937	-0.42504	0.069367	0
2.6141	-0.36324	0.041891	0
2.199	-0.48191	-0.055113	0
2.2096	-0.48029	0.056029	0
2.5423	-0.31145	0.092145	0
2.3111	-0.25794	0.080796	0
2.3019	-0.46525	0.093461	0
2.5962	-0.3855	-0.082015	0
2.5425	-0.31153	0.08322	0
2.4465	-0.28495	-0.093581	0
2.5973	-0.3847	-0.06662	0
2.6108	-0.37115	-0.084107	0
2.5212	-0.41716	-0.018465	0
2.3017	-0.25631	-0.064942	0
2.6004	-0.33943	-0.070499	0
2.1831	-0.48434	-0.071963	0
2.5501	-0.40753	0.080075	0
2.3806	-0.2709	-0.032216	0
2.6009	-0.38205	-0.056669	0
2.6046	-0.37866	0.030692	0
2.3101	-0.25777	0.0018538	0
2.5646	-0.31994	0.055728	0
2.5984	-0.33793	0.081633	0
2.3726	-0.26932	-0.069353	0
2.3761	-0.27002	-0.059903	0
2.3594	-0.45484	-0.064297	0
2.303	-0.25654	-0.084338	0
2.3538	-0.26572	-0.09335	0
2.3913	-0.4486	-0.052963	0
2.5021	-0.29904	0.056981	0
2.2955	-0.46636	-0.093233	0
2.598	-0.38425	0.065184	0
2.5743	-0.39758	-0.092357	0
2.3828	-0.27132	0.082823	0
2.591	-0.38887	-0.019951	0
2.5555	-0.31628	0.023773	0
2.5273	-0.3065	0.053965	0
2.6139	-0.36089	0.069117	0
2.5341	-0.41309	-0.0058345	0
2.3516	-0.45633	0.060842	0
2.597	-0.385	0.094116	0
2.6129	-0.36682	0.025429	0
2.1285	-0.49233	0.092372	0
2.1282	-0.49238	-0.092393	0
2.6029	-0.34168	0.062084	0
2.5234	-0.30529	0.069922	0
2.4579	-0.43406	0.077772	0
2.3487	-0.26479	0.0939	0
2.1819	-0.48452	0.072097	0
2.549	-0.3138	0.033599	0
2.613	-0.35514	-0.062161	0
2.3014	-0.25627	0.034346	0
2.2674	-0.47107	0.080643	0
2.5326	-0.30825	-0.052566	0
2.4604	-0.28828	-0.0052625	0
2.597	-0.38501	-0.0077228	0
2.1258	-0.49272	-0.084303	0
2.1261	-0.49268	0.084275	0
2.3278	-0.46069	0.070209	0
2.5069	-0.42138	0.057211	0
2.5319	-0.4138	0.06079	0
2.6075	-0.34603	-0.035956	0
2.4217	-0.4423	-0.0073133	0
2.5482	-0.31357	0.067359	0
2.4538	-0.43507	-0.093779	0
2.1817	-0.48454	0.0076377	0
2.3648	-0.26783	0.027368	0
2.378	-0.45127	0.0028598	0
2.4061	-0.44561	0.0088983	0
2.5812	-0.32751	0.060902	0
2.3578	-0.26648	0.04084	0
2.4037	-0.4461	-0.013321	0
2.5388	-0.41153	0.046894	0
2.611	-0.37116	0.058585	0
2.4852	-0.42732	-0.058551	0
2.6096	-0.34868	-0.09263	0
2.584	-0.39277	0.032087	0
2.3191	-0.46224	-0.0804	0
2.5305	-0.30755	0.046694	0
2.6093	-0.37364	0.072333	0
2.1786	-0.485	0.094469	0
2.1786	-0.485	-0.094469	0
2.5492	-0.31393	-0.065379	0
2.4347	-0.28227	-0.075022	0
2.5842	-0.3291	-0.059453	0
2.5744	-0.32425	-0.066588	0
2.614	-0.36119	-0.05344	0
2.5859	-0.32999	-0.042416	0
2.5805	-0.39457	-0.053793	0
2.6115	-0.37041	-0.012038	0
2.5826	-0.39355	-0.042386	0
2.4374	-0.43883	0.05321	0
2.4795	-0.42876	-0.02779	0
2.4269	-0.28054	0.079544	0
2.2966	-0.46615	0.020135	0
2.2965	-0.2554	-0.005	0
2.1787	-0.48499	-0.0066815	0
2.4357	-0.28252	0.0087389	0
2.4211	-0.44244	0.021833	0
2.5686	-0.32158	0.081155	0
2.5848	-0.32939	0.045573	0
2.2662	-0.47128	-0.080296	0
2.5205	-0.30442	0.094167	0
2.5895	-0.33206	0.0060765	0
2.1765	-0.48532	0.045471	0
2.6121	-0.353	0.0814	0
2.5435	-0.40988	-0.082842	0
2.5861	-0.33008	-0.0071158	0
2.5416	-0.41063	-0.023793	0
2.5168	-0.41854	-0.037356	0
2.3572	-0.26636	0.0027122	0
2.3769	-0.45148	-0.024394	0
2.5228	-0.41671	0.022825	0
2.4127	-0.27746	-0.014587	0
2.6114	-0.35153	-0.074137	0
2.1957	-0.48242	0.03262	0
2.607	-0.37642	-0.017511	0
2.4469	-0.43669	-0.043636	0
2.6047	-0.37875	0.0041062	0
2.3971	-0.44741	0.073324	0
2.5506	-0.40736	0.054352	0
2.1966	-0.48229	-0.033871	0
2.4726	-0.4305	-0.071378	0
2.1749	-0.48555	-0.046188	0
2.1858	-0.48393	-0.019579	0
2.4821	-0.42809	0.006158	0
2.5455	-0.31262	0.0048122	0
2.4683	-0.43159	0.031606	0
2.6133	-0.36613	-0.025821	0
2.5611	-0.40328	0.0036649	0
2.5393	-0.31044	0.018472	0
2.6031	-0.34184	0.029143	0
2.5142	-0.41927	-0.06245	0
2.614	-0.35891	-0.08481	0
2.5133	-0.41952	0.030266	0
2.5067	-0.30036	0.028992	0
2.1779	-0.48511	-0.080951	0
2.1781	-0.48508	0.080747	0
2.5808	-0.3273	0.00048474	0
2.5175	-0.41829	-0.093071	0
2.4623	-0.43306	0.017742	0
2.5908	-0.33286	0.022467	0
2.2946	-0.25507	-0.025	0
2.5827	-0.32834	0.027771	0
2.4287	-0.28094	0.032158	0
2.5754	-0.32468	-0.094464	0
2.2815	-0.46872	0.067124	0
2.4913	-0.42571	-0.051211	0
2.613	-0.355	0.094962	0
2.6044	-0.34298	-0.082297	0
2.5557	-0.40541	-0.064411	0
2.599	-0.38351	-0.015269	0
2.6125	-0.35409	0.069606	0
2.4418	-0.43788	0.045114	0
2.5016	-0.42291	0.015743	0
2.4134	-0.27765	-0.056999	0
1.3706	-0.14501	0.001247	0
-0.5138	0.14615	0.00017692	0
0.30473	-0.034884	0.0011917	0
-0.32385	0.055366	0.009061	0
0.82347	-0.09	-0.034875	0
0.84078	-0.091752	0.036623	0
-0.082413	0.014231	-0.03857	0
-0.47186	0.096384	-0.03659	0
-0.42696	0.18893	0.041317	0
1.7912	-0.18964	-0.040392	0
1.7898	-0.18948	0.038492	0
-0.42619	0.18916	-0.041722	0
-0.016521	0.0049418	0.042963	0
-0.48543	0.10259	0.04079	0
1.3055	-0.1384	-0.050456	0
0.37417	-0.042716	-0.049853	0
1.3016	-0.13801	0.049775	0
0.37527	-0.042826	0.050414	0
-0.51588	0.14267	-0.051075	0
-0.28898	0.048429	0.055032	0
-0.51301	0.1471	0.053619	0
-0.3273	0.056115	-0.053471	0
1.9387	-0.2067	-2.5542e-15	0
-0.35825	0.2067	2.283e-15	0
-0.094099	0.015947	0.00402	0
-0.466	0.094042	0.0025674	0
0.67836	-0.075179	0.00016175	0
1.019	-0.10966	-0.0072151	0
0.11437	-0.012194	-0.065599	0
-0.31783	0.21551	0.065554	0
2.0096	-0.21532	0.06464	0
2.0112	-0.21552	-0.064654	0
-0.31594	0.2159	-0.064702	0
0.98112	-0.10587	-0.064931	0
0.97687	-0.10544	0.066433	0
0.65114	-0.072357	-0.066267	0
-0.26734	0.044297	-0.021003	0
1.5985	-0.16864	-0.066548	0
1.6047	-0.1693	0.066211	0
0.65639	-0.072912	0.066165	0
-0.43298	0.082579	0.065906	0
-0.50364	0.11332	-0.066882	0
0.16719	-0.018716	-0.028921	0
0.12434	-0.013431	0.067935	0
-0.47634	0.17139	-0.06714	0
-0.46329	0.17661	0.011532	0
1.6688	-0.17618	0.011846	0
-0.15581	0.025321	-0.069376	0
-0.51422	0.12376	-0.023058	0
-0.4654	0.17577	0.068392	0
1.5259	-0.16101	-0.027576	0
-0.49588	0.16131	-0.026637	0
-0.12483	0.020559	0.068177	0
-0.50988	0.11887	0.068795	0
-0.39808	0.072634	0.035977	0
-0.29992	0.21907	0.028841	0
2.0394	-0.21907	0.028841	0
2.033	-0.21824	-0.027965	0
-0.30424	0.21826	-0.027951	0
1.1277	-0.12053	0.024595	0
-0.51728	0.13049	0.02851	0
0.19958	-0.022604	0.028306	0
-0.43218	0.082279	-0.069591	0
0.45899	-0.052026	0.023781	0
0.55422	-0.062211	-0.028904	0
-0.20472	0.033269	0.029822	0
-0.40347	0.074061	-0.018102	0
1.5412	-0.16261	0.036603	0
1.0904	-0.1168	-0.03192	0
-0.49798	0.15999	0.029593	0
1.7462	-0.18464	-0.01421	0
-0.44016	0.18475	-0.014254	0
0.28135	-0.032202	-0.074057	0
1.2305	-0.13084	-0.074384	0
1.2235	-0.13014	0.072268	0
0.095909	-0.0098483	-0.0030431	0
-0.51125	0.12039	0.0053124	0
1.8131	-0.19211	-0.075292	0
1.8131	-0.19211	0.075292	0
0.4282	-0.048682	0.074028	0
-0.51803	0.13581	-0.074753	0
-0.41038	0.19366	-0.075426	0
0.59546	-0.066555	0.044815	0
-0.34399	0.059748	0.075438	0
-0.50615	0.15426	0.076572	0
1.3367	-0.14157	0.023856	0
-0.39626	0.072231	-0.04153	0
0.85882	-0.093573	0.012383	0
0.023189	-0.00042046	0.019768	0
-0.27494	0.045746	-0.076588	0
1.3066	-0.13851	-0.021936	0
0.31905	-0.036517	-0.023631	0
-0.39853	0.19683	0.07779	0
-0.22352	0.036448	-0.043065	0
-0.26147	0.22642	0.007847	0
2.0967	-0.22643	0.0078392	0
-0.21691	0.035375	-0.0019023	0
-0.48771	0.10381	-0.017511	0
-0.50667	0.11574	-0.045324	0
0.49845	-0.056284	-0.079244	0
-0.4801	0.10014	0.079168	0
-0.40957	0.19388	0.018461	0
1.8312	-0.19416	0.018679	0
-0.033132	0.0072255	-0.015078	0
-0.24786	0.22893	0.048311	0
2.1372	-0.23181	0.048597	0
2.1044	-0.22741	-0.047823	0
-0.25553	0.22756	-0.047538	0
0.81165	-0.088802	-0.081434	0
1.0135	-0.10911	0.043831	0
-0.031082	0.0069762	-0.077994	0
-0.4605	0.091852	0.023921	0
-0.51643	0.1277	0.048125	0
0.83249	-0.090912	0.078218	0
0.82657	-0.090313	-0.014999	0
-0.47852	0.17026	0.047099	0
-0.012607	0.0043927	0.082957	0
-0.47647	0.1712	-0.045809	0
1.4303	-0.15112	-0.078798	0
1.4461	-0.15274	0.078464	0
1.5791	-0.1666	-0.0050244	0
0.64628	-0.071859	-0.044956	0
-0.41425	0.076987	0.010785	0
0.47072	-0.053301	-0.0087411	0
-0.23921	0.039163	0.079468	0
0.68442	-0.075807	0.020823	0
-0.23984	0.23038	0.079841	0
2.1322	-0.23112	-0.081213	0
2.1322	-0.23112	0.081213	0
-0.23701	0.23087	-0.081045	0
0.11529	-0.012296	0.046127	0
0.18945	-0.021394	-0.048228	0
1.4945	-0.15774	-0.047482	0
-0.18424	0.029893	0.050077	0
-0.3178	0.054138	0.03568	0
-0.49214	0.16348	-0.0044482	0
-0.50367	0.15615	-0.080189	0
0.80251	-0.087878	-0.056664	0
0.81976	-0.089622	0.05498	0
2.1259	-0.23028	-0.01187	0
-0.24023	0.23028	-0.01187	0
0.26198	-0.029968	0.080042	0
1.1804	-0.12582	0.0058028	0
-0.50284	0.11271	0.023927	0
-0.034332	0.0073837	-0.05552	0
-0.34375	0.21	0.04861	0
1.9744	-0.21099	0.04702	0
1.9529	-0.2084	-0.046208	0
-0.34927	0.20873	-0.046131	0
-0.36535	0.06454	-0.082969	0
-0.51815	0.13532	0.080922	0
-0.47881	0.099411	-0.081348	0
-0.15498	0.025221	-0.021922	0
-0.51529	0.14409	-0.019241	0
1.1118	-0.11894	-0.049828	0
-0.41171	0.19336	0.059095	0
-0.47156	0.09628	-0.057039	0
1.9076	-0.20301	-0.018492	0
-0.0013173	0.0028717	0.060214	0
0.053387	-0.004408	-0.042737	0
-0.37375	0.20308	-0.01846	0
-0.33125	0.056972	-0.0088843	0
-0.37698	0.067295	0.053903	0
-0.44759	0.087272	0.049662	0
0.16352	-0.018254	-0.0833	0
-0.43037	0.18781	-0.058443	0
1.7454	-0.18455	-0.057663	0
1.74	-0.18395	0.05775	0
-0.48562	0.10263	0.063294	0
1.0673	-0.11449	0.083155	0
1.0645	-0.11421	-0.082142	0
1.4948	-0.15777	0.013045	0
1.479	-0.15613	0.052486	0
1.9627	-0.20956	-0.081561	0
1.9627	-0.20956	0.081561	0
0.32171	-0.036818	0.018018	0
1.6669	-0.17598	-0.082945	0
1.6652	-0.1758	0.082866	0
-0.11061	0.018377	0.019301	0
-0.50031	0.15857	0.012902	0
0.57919	-0.06485	0.082811	0
-0.46473	0.17604	0.029044	0
-0.34206	0.21039	-0.082179	0
-0.32235	0.05506	-0.038148	0
0.17993	-0.020262	0.010165	0
0.49019	-0.055388	-0.06182	0
-0.40837	0.075426	0.083837	0
-0.51046	0.11913	-0.083905	0
1.1376	-0.12153	0.054647	0
0.66875	-0.074186	-0.084095	0
1.6847	-0.17789	0.026826	0
1.166	-0.12436	-0.012449	0
-0.45576	0.1794	-0.084852	0
0.25409	-0.029051	0.061946	0
-0.33611	0.21165	0.084832	0
-0.51738	0.13067	-0.0082288	0
-0.50438	0.15548	-0.06209	0
0.5065	-0.057135	0.059692	0
1.639	-0.17297	-0.039268	0
1.4282	-0.15091	-0.061773	0
-0.22816	0.037263	0.01379	0
-0.51643	0.12828	-0.060392	0
0.20955	-0.023798	-0.012488	0
-0.51761	0.13759	-0.035854	0
-0.41825	0.19145	0.00038847	0
0.33661	-0.038499	0.035363	0
1.807	-0.19141	0.00044583	0
0.95202	-0.10295	-0.045236	0
0.12782	-0.013867	0.083901	0
-0.22353	0.23318	0.062953	0
2.1526	-0.23391	0.063595	0
2.1526	-0.23391	-0.063595	0
-0.21974	0.23383	-0.06333	0
-0.19692	0.031969	-0.084026	0
-0.48033	0.16938	0.083559	0
0.95627	-0.10337	-0.025038	0
0.69817	-0.077215	-0.025008	0
-0.51527	0.1441	0.038764	0
-0.39107	0.070895	-0.058129	0
1.013	-0.10906	0.011749	0
-0.46023	0.17776	-0.029011	0
1.3875	-0.14673	-0.03601	0
-0.23876	0.039136	-0.059681	0
-0.50655	0.11563	0.084075	0
-0.21693	0.23431	0.022609	0
2.1555	-0.23431	0.022609	0
1.1738	-0.12515	0.039994	0
1.3689	-0.14484	0.064949	0
1.6259	-0.17157	0.048161	0
-0.518	0.13433	0.011961	0
0.42877	-0.048727	0.0078864	0
2.1625	-0.23528	-0.03174	0
-0.21127	0.23528	-0.03174	0
0.49687	-0.0561	-0.042238	0
-0.50651	0.15382	-0.040604	0
-0.51786	0.13384	0.064772	0
-0.14021	0.02291	0.084799	0
-0.49567	0.16142	0.06286	0
0.95399	-0.10315	0.026234	0
-0.45192	0.088828	-0.012308	0
0.27839	-0.03186	-0.037583	0
1.8893	-0.20086	-0.059337	0
1.883	-0.20014	0.059814	0
-0.22542	0.036815	0.06392	0
-0.33838	0.21111	0.015034	0
1.9752	-0.21111	0.015034	0
-0.36569	0.064639	0.022431	0
0.46379	-0.052538	0.038649	0
-0.43741	0.083939	-0.084898	0
-0.14628	0.023857	-0.052828	0
0.062425	-0.0055629	0.032509	0
1.3904	-0.14703	0.037225	0
-0.37043	0.20387	0.031576	0
1.9168	-0.20409	0.031721	0
-0.49993	0.11092	-0.030563	0
-0.514	0.1457	0.022306	0
1.2388	-0.13168	-0.036116	0
1.439	-0.15201	-0.015283	0
-0.1201	0.019828	0.037445	0
-0.35075	0.061235	-0.024198	0
-0.39366	0.071528	-0.0033905	0
0.5603	-0.062854	0.010065	0
0.26924	-0.030794	-0.059589	0
-0.43269	0.082547	-0.030459	0
-0.44128	0.18441	0.085782	0
-0.49422	0.1074	-0.0036587	0
0.24777	-0.028304	0.046634	0
0.60565	-0.067617	-0.013943	0
-0.50828	0.11731	0.036356	0
-0.088211	0.015092	0.053367	0
-0.37552	0.20265	-0.032961	0
1.9044	-0.20264	-0.03298	0
1.657	-0.17491	-0.024924	0
0.36956	-0.042196	-0.085706	0
2.0113	-0.21554	-0.011442	0
-0.31704	0.21563	-0.011334	0
-0.43704	0.08385	-0.050766	0
-0.49248	0.10628	0.010731	0
-0.37957	0.20163	-0.058405	0
0.081486	-0.0080088	-0.01744	0
1.1153	-0.11929	-0.06673	0
0.0088392	0.0015092	0.0054044	0
1.3194	-0.13981	-0.086893	0
1.312	-0.13906	0.085891	0
-0.25273	0.041662	0.043699	0
-0.50296	0.15652	0.046449	0
-0.20621	0.23614	0.035675	0
2.1688	-0.23614	0.035675	0
-0.33239	0.057219	-0.069046	0
-0.1449	0.02363	-0.0079563	0
0.72015	-0.079472	0.086855	0
0.92947	-0.10068	-0.08815	0
-0.51533	0.14395	-0.087133	0
0.36309	-0.041466	0.089239	0
-0.10642	0.017786	-0.086515	0
1.6445	-0.17356	-0.052746	0
0.89742	-0.097462	0.0013701	0
-0.51698	0.12974	-0.046259	0
1.797	-0.1903	-0.02641	0
-0.45394	0.089577	0.083664	0
0.93591	-0.10133	0.086473	0
-0.50346	0.11343	0.051308	0
0.72989	-0.080471	0.045343	0
1.5398	-0.16247	-0.086718	0
1.5398	-0.16247	0.086718	0
-0.29868	0.0503	0.086728	0
-0.50858	0.11759	-0.013301	0
-0.41909	0.19114	-0.026288	0
-0.45844	0.17841	-0.0033815	0
1.6686	-0.17616	-0.0033433	0
0.050071	-0.0039577	-0.087171	0
-0.44886	0.18184	0.055941	0
0.25022	-0.028585	-0.086725	0
-0.28802	0.04824	0.022613	0
1.8332	-0.19438	-0.086755	0
1.8332	-0.19438	0.086755	0
0.40954	-0.046623	-0.033449	0
-0.0017282	0.0029321	-0.029726	0
-0.37387	0.066583	0.066929	0
0.38198	-0.043573	-0.06545	0
-0.32654	0.05596	-0.087308	0
-0.469	0.17441	-0.017817	0
-0.15496	0.025177	0.0091335	0
-0.29184	0.048992	0.067707	0
1.0648	-0.11424	-0.016227	0
-0.51525	0.14416	0.086655	0
1.1814	-0.12591	-0.087788	0
1.16	-0.12377	0.087156	0
0.57989	-0.064915	0.030241	0
0.21172	-0.024072	-0.066182	0
2.1742	-0.23689	-0.0018616	0
-0.20206	0.23683	-0.0022031	0
1.2882	-0.13666	-0.062293	0
-0.4481	0.087543	0.034707	0
1.2987	-0.13772	0.010339	0
1.1003	-0.11779	0.068758	0
-0.039524	0.0081531	0.029477	0
-0.21226	0.034538	-0.032647	0
-0.48816	0.16564	-0.087402	0
-0.41908	0.078512	0.023511	0
0.35809	-0.04093	0.062977	0
-0.51643	0.14177	-0.063175	0
1.5958	-0.16836	0.023718	0
-0.50895	0.15199	-0.00987	0
1.7083	-0.18045	-0.069277	0
1.7078	-0.18039	0.069149	0
-0.37274	0.066313	0.089663	0
0.78184	-0.085781	0.068705	0
1.2344	-0.13123	0.028636	0
0.78066	-0.085653	-0.066603	0
2.0472	-0.22005	-0.087072	0
2.0472	-0.22005	0.087072	0
-0.38722	0.19975	-0.08776	0
0.7223	-0.079699	0.0095338	0
-0.51549	0.12545	0.019658	0
0.49743	-0.056168	0.089923	0
0.45544	-0.051632	-0.019244	0
0.37323	-0.042601	-0.0098836	0
-0.46627	0.094206	-0.025432	0
-0.48819	0.10392	-0.046934	0
-0.066859	0.012007	0.087728	0
0.9066	-0.098387	0.044662	0
-0.5174	0.13075	-0.087813	0
0.79433	-0.087045	0.022822	0
-0.49682	0.1089	-0.087803	0
0.039019	-0.0025193	-0.051692	0
0.099341	-0.010299	0.017673	0
-0.51274	0.14762	0.068609	0
1.2896	-0.13679	-0.0096984	0
1.4665	-0.15484	0.06822	0
-0.46428	0.093315	0.067511	0
-0.37441	0.20299	0.067253	0
-0.22901	0.037426	-0.014722	0
-0.34391	0.059706	0.044914	0
-0.19719	0.23766	-0.020711	0
2.1798	-0.23766	-0.020711	0
0.66383	-0.073674	0.052423	0
-0.48257	0.10113	-0.068278	0
-0.0060958	0.003518	-0.071572	0
0.69183	-0.076559	0.03433	0
-0.44525	0.1832	-0.069762	0
0.543	-0.061037	0.070477	0
-0.49102	0.16412	0.020986	0
-0.29376	0.049344	-0.0014766	0
-0.44887	0.087742	0.012426	0
0.18553	-0.02091	0.056999	0
-0.19712	0.23764	0.088628	0
2.1682	-0.23606	-0.088166	0
2.1682	-0.23606	0.088166	0
-0.19744	0.23759	-0.088678	0
-0.51012	0.15064	-0.028964	0
-0.36895	0.20424	-0.072104	0
1.4622	-0.1544	0.026172	0
-0.42987	0.18801	0.069095	0
0.5417	-0.060884	-0.088596	0
-0.29069	0.22091	-0.087691	0
1.188	-0.12657	-0.02208	0
1.9003	-0.20214	-0.071067	0
1.902	-0.20234	0.071044	0
-0.39702	0.072374	-0.067146	0
-0.50152	0.15766	-0.051566	0
-0.43671	0.083773	0.0025764	0
-0.39587	0.19753	-0.0077871	0
1.8605	-0.19753	-0.0077827	0
-0.42844	0.1884	0.027518	0
0.62228	-0.069361	-0.05668	0
-0.018691	0.0052555	-0.00618	0
-0.45045	0.18133	-0.050502	0
1.2441	-0.13221	0.062876	0
2.0258	-0.21733	0.0014459	0
-0.30886	0.21733	0.001455	0
0.75438	-0.082977	-0.089172	0
-0.30354	0.21841	0.039515	0
2.0352	-0.21852	0.039356	0
2.0476	-0.2201	-0.039851	0
-0.29474	0.22011	-0.039833	0
-0.48621	0.1029	0.027538	0
-0.38192	0.20109	0.087467	0
-0.50022	0.15844	0.08821	0
-0.51522	0.12519	0.089587	0
-0.24963	0.041091	-0.08854	0
-0.29595	0.2199	0.054602	0
2.0231	-0.21701	0.05413	0
2.0363	-0.21868	-0.054431	0
-0.29617	0.21985	-0.054683	0
-0.51472	0.12442	-0.070392	0
0.76008	-0.08356	-0.045331	0
-0.38486	0.069281	-0.029216	0
0.064223	-0.0058028	-0.072408	0
-0.48862	0.10411	0.088967	0
-0.095626	0.016198	-0.025217	0
0.035642	-0.0020841	0.051569	0
0.70922	-0.078351	-0.053195	0
-0.059019	0.010881	0.067235	0
-0.28513	0.04765	-0.046401	0
1.5407	-0.16256	0.0052467	0
-0.35948	0.063195	-0.045585	0
1.2074	-0.12852	0.017579	0
0.059119	-0.0051454	0.090099	0
-0.22425	0.036572	-0.070561	0
-0.19179	0.23855	0.012116	0
2.1861	-0.23855	0.012116	0
-0.51396	0.1239	-0.036231	0
0.73878	-0.081387	-0.0090116	0
-0.19008	0.23885	0.053126	0
2.1934	-0.23954	0.055553	0
2.1867	-0.23861	-0.05518	0
-0.18955	0.23894	-0.053589	0
-0.082222	0.0142	-0.071029	0
1.7354	-0.18344	0.017226	0
-0.16085	0.026113	-0.038074	0
0.18337	-0.020658	-0.0015574	0
2.0511	-0.22053	-0.075203	0
2.0508	-0.2205	0.075201	0
-0.46084	0.17759	0.03957	0
-0.28692	0.22163	0.088007	0
0.23365	-0.026653	-0.021528	0
0.96628	-0.10438	0.054301	0
0.63601	-0.070788	-0.033337	0
0.91507	-0.099239	-0.011791	0
-0.49739	0.10928	0.070029	0
-0.50681	0.11608	-0.05619	0
1.7848	-0.18892	0.028003	0
-0.43087	0.18766	-0.088807	0
1.6887	-0.17832	0.041171	0
0.93419	-0.10116	-0.072682	0
0.090097	-0.0091236	0.00796	0
0.046277	-0.0034581	0.069166	0
0.93024	-0.10076	0.076233	0
-0.3875	0.19974	-0.048278	0
1.8726	-0.1989	0.047783	0
1.8659	-0.19814	-0.048212	0
-0.18609	0.23947	0.073378	0
2.1885	-0.23888	0.07287	0
2.1885	-0.23888	-0.07287	0
-0.19408	0.23819	-0.072324	0
0.58001	-0.064929	-0.074534	0
1.3415	-0.14205	-0.07254	0
-0.40343	0.074056	-0.089614	0
-0.027957	0.0065031	-0.045786	0
0.50996	-0.057507	0.04759	0
-0.51738	0.13921	0.048966	0
-0.28829	0.22139	0.017874	0
2.0578	-0.22139	0.017872	0
0.9851	-0.10626	-0.034142	0
-0.49461	0.16204	0.0054941	0
-0.21101	0.034344	0.09011	0
-0.48538	0.16716	0.036511	0
-0.51399	0.14638	0.011934	0
0.20859	-0.023692	0.089376	0
-0.44003	0.18482	0.017291	0
0.75872	-0.083419	-0.00013538	0
-0.48941	0.16517	0.073209	0
-0.39497	0.19783	0.047674	0
0.14627	-0.016151	-0.039488	0
1.5311	-0.16155	-0.076058	0
-0.28189	0.047052	-0.012113	0
-0.39065	0.19892	0.0081113	0
1.8725	-0.19891	0.0082182	0
-0.37641	0.067169	0.0038847	0
1.7183	-0.18157	-0.047454	0
1.749	-0.18493	-0.090974	0
1.7488	-0.18491	0.090962	0
0.5559	-0.062398	5.5276e-05	0
1.6524	-0.17439	-0.01427	0
-0.29856	0.21937	-0.075808	0
0.93011	-0.10075	-0.054786	0
-0.042661	0.0085468	0.011807	0
-0.47343	0.097136	0.049002	0
0.33506	-0.038324	0.072744	0
-0.34474	0.20973	0.058162	0
-0.47037	0.17377	-0.056308	0
-0.51789	0.13449	0.038377	0
1.043	-0.11206	0.032495	0
1.2903	-0.13687	0.040381	0
-0.48209	0.16868	-0.034739	0
-0.48687	0.16627	-0.076929	0
1.4756	-0.15578	-0.00065037	0
1.5356	-0.16202	0.075441	0
-0.50452	0.15532	-0.00026898	0
0.36657	-0.041864	0.025845	0
-0.51371	0.14683	-0.07378	0
-0.51497	0.12489	0.059919	0
0.88274	-0.095987	0.06212	0
1.5039	-0.15872	-0.057088	0
0.18758	-0.021171	0.038801	0
1.2122	-0.129	-0.055297	0
-0.27023	0.22481	0.069605	0
0.16547	-0.018486	-0.058312	0
0.69561	-0.076951	0.074408	0
-0.028939	0.006633	-0.089656	0
-0.44514	0.086513	0.075047	0
-0.49694	0.10892	-0.076801	0
-0.34488	0.059939	0.0601	0
-0.41049	0.076008	0.046912	0
-0.41953	0.078559	0.055819	0
-0.26977	0.044743	-0.036512	0
0.12594	-0.01363	0.056921	0
0.84062	-0.091735	-0.024218	0
-0.28383	0.047391	-0.066577	0
-0.51734	0.13034	0.002285	0
-0.4634	0.092986	-0.09046	0
-0.51446	0.12425	0.077405	0
0.81057	-0.088692	0.088845	0
1.4023	-0.14825	-0.025338	0
2.1914	-0.23927	-0.042805	0
-0.18708	0.23934	-0.042537	0
-0.49364	0.10699	-0.057519	0
1.7199	-0.18172	-0.032539	0
1.4091	-0.14894	-0.089032	0
1.4078	-0.14881	0.088441	0
0.87818	-0.095525	-0.065135	0
1.3256	-0.14044	0.075234	0
-0.47779	0.098911	-0.0075698	0
1.5392	-0.1624	-0.038073	0
1.4094	-0.14897	-0.052643	0
0.067256	-0.0062112	-0.032318	0
-0.17741	0.028777	0.020456	0
2.1087	-0.228	-0.023247	0
-0.25293	0.228	-0.023245	0
0.38506	-0.043938	-0.075579	0
-0.50564	0.15474	-0.090658	0
1.1181	-0.11957	-0.0025779	0
0.20934	-0.023781	0.071505	0
-0.47477	0.17205	0.058271	0
1.5394	-0.16243	-0.01692	0
0.45745	-0.051859	-0.089994	0
-0.40949	0.075689	-0.078023	0
-0.51707	0.14037	-0.0097481	0
-0.51798	0.13318	-0.018935	0
-0.36192	0.063789	0.038118	0
-0.17589	0.02849	0.075609	0
1.1473	-0.12249	-0.03958	0
-0.085421	0.014647	0.076926	0
-0.49191	0.16371	-0.016289	0
-0.14476	0.023615	0.058099	0
-0.27129	0.045	0.030115	0
-0.1051	0.017571	-0.016579	0
0.27946	-0.031996	-0.048086	0
1.2675	-0.13456	0.0008692	0
-0.44584	0.086728	-0.060046	0
-0.24141	0.039581	0.05316	0
0.23587	-0.026907	0.019015	0
0.27195	-0.031121	0.010064	0
-0.44811	0.087533	0.05936	0
-0.44374	0.085988	-0.039386	0
-0.40152	0.19613	-0.064876	0
-0.18924	0.0307	0.039749	0
-0.48287	0.10137	0.019694	0
1.6518	-0.17434	0.057993	0
2.0832	-0.22469	-0.067878	0
2.0833	-0.22469	0.067878	0
1.4007	-0.14808	0.010552	0
0.45872	-0.051997	-0.051526	0
1.1331	-0.12107	-0.074092	0
0.73366	-0.080862	-0.074297	0
-0.51442	0.14547	0.078027	0
0.10933	-0.011549	-0.048402	0
-0.46068	0.09194	-0.073882	0
0.93789	-0.10153	0.035195	0
1.8125	-0.19203	-0.064896	0
1.8095	-0.19169	0.06473	0
2.2019	-0.24078	-0.011571	0
-0.17817	0.24077	-0.0116	0
-0.51785	0.13661	0.09197	0
1.9083	-0.20308	-0.090743	0
1.9083	-0.20308	0.090743	0
1.0288	-0.11064	-0.056057	0
-0.45718	0.17893	-0.039078	0
1.758	-0.18593	0.048419	0
-0.14007	0.022882	-0.078341	0
1.3842	-0.1464	0.055217	0
1.1023	-0.11799	0.014089	0
-0.27146	0.22454	-0.061416	0
1.987	-0.21254	-0.019599	0
-0.33164	0.21259	-0.019558	0
-0.42377	0.079788	-0.0079235	0
-0.50404	0.11359	0.059859	0
-0.10821	0.01803	-0.060352	0
-0.51227	0.12156	0.02845	0
-0.46318	0.092924	-0.047432	0
-0.45977	0.17802	0.078427	0
0.11884	-0.012745	-0.091361	0
-0.46501	0.17596	0.090794	0
1.4708	-0.15529	0.041714	0
-0.25731	0.22718	0.033318	0
2.1026	-0.2272	0.033292	0
1.0479	-0.11255	-0.042315	0
-0.49101	0.16409	-0.060456	0
-0.34172	0.21038	0.073594	0
-0.37889	0.067827	0.078032	0
-0.51495	0.14435	-0.04208	0
-0.41555	0.19222	0.091399	0
0.29494	-0.033773	-0.01407	0
-0.495	0.16191	0.052951	0
0.29318	-0.033565	0.090321	0
1.5749	-0.16616	0.055269	0
-0.35994	0.063307	-0.092429	0
0.72806	-0.080286	-0.035663	0
-0.44163	0.085281	-0.021077	0
-0.4604	0.091887	0.041333	0
0.40214	-0.045808	0.016505	0
-0.14773	0.02407	0.028899	0
0.86238	-0.093932	-0.045745	0
-0.51235	0.12139	-0.004286	0
-0.42941	0.1881	0.04994	0
1.1093	-0.11869	0.046962	0
1.2082	-0.12861	0.048217	0
0.9412	-0.10186	0.016832	0
0.96999	-0.10475	0.0030531	0
-0.3657	0.06462	-0.015623	0
0.38752	-0.044199	-0.0008745	0
1.0988	-0.11764	-0.091245	0
1.0845	-0.11621	0.092584	0
-0.17665	0.028679	-0.00089965	0
-0.10646	0.01777	-0.048155	0
-0.50248	0.11249	-0.021785	0
-0.26944	0.22494	0.061613	0
2.1142	-0.22874	-0.09119	0
2.1142	-0.22874	0.09119	0
-0.50635	0.11557	0.013504	0
0.20761	-0.02356	-0.034919	0
0.28567	-0.032699	0.027524	0
2.0955	-0.22624	0.057383	0
2.0971	-0.22647	-0.058927	0
-0.25299	0.22798	-0.0011333	0
-0.33827	0.21118	0.024535	0
1.976	-0.2112	0.024547	0
-0.30119	0.050782	0.07598	0
0.039464	-0.002585	-0.010023	0
2.1079	-0.2279	-0.0015471	0
0.85132	-0.092816	-0.090929	0
-0.37116	0.065942	-0.036716	0
0.56778	-0.063658	0.021676	0
0.73384	-0.080878	0.058658	0
-0.50539	0.15473	0.021565	0
-0.15709	0.025541	-0.091279	0
1.8263	-0.1936	-0.017299	0
-0.25748	0.22717	-0.070142	0
-0.35747	0.062733	-0.062673	0
-0.47053	0.17375	-0.091868	0
-0.41023	0.19372	-0.017196	0
0.57925	-0.06485	0.09303	0
-0.33804	0.058459	-0.00031335	0
1.6327	-0.17229	0.090869	0
1.6327	-0.17229	-0.090802	0
-0.50637	0.15389	-0.020343	0
1.967	-0.2101	-0.055445	0
1.9537	-0.20849	0.055882	0
1.9787	-0.21153	-0.036532	0
-0.33646	0.21157	-0.036514	0
1.4345	-0.15154	-0.070118	0
0.21657	-0.024627	-0.077605	0
0.13082	-0.014236	-0.011097	0
-0.20395	0.033161	-0.052363	0
1.0656	-0.11432	0.05972	0
1.7941	-0.18997	0.0097971	0
0.45175	-0.051232	-0.06892	0
0.069262	-0.0064642	0.077397	0
0.29971	-0.034306	0.054182	0
0.38549	-0.043962	0.041286	0
0.67626	-0.074956	-0.092114	0
-0.30513	0.051581	-0.028307	0
-0.47346	0.097096	0.011616	0
-0.18469	0.23975	0.043378	0
2.1983	-0.24026	0.043766	0
1.6665	-0.17594	-0.061178	0
-0.29831	0.21942	0.077147	0
1.5842	-0.16714	0.013735	0
-0.35658	0.20707	-0.092703	0
1.2198	-0.12976	-0.045646	0
1.0323	-0.11099	0.021024	0
-0.51084	0.14977	0.030044	0
-0.27583	0.045884	0.0080443	0
-0.50062	0.15849	-0.070134	0
-0.49325	0.10675	-0.037325	0
1.0393	-0.11169	-0.071954	0
-0.4067	0.075	0.092235	0
1.7431	-0.18429	-0.080333	0
1.7431	-0.18429	0.080333	0
-0.091139	0.015542	0.061604	0
-0.35832	0.2067	-0.008769	0
-0.32451	0.05551	-0.078431	0
1.9385	-0.20667	-0.0087991	0
2.0203	-0.21668	0.010045	0
1.138	-0.12157	0.077837	0
-0.5133	0.12291	-0.092496	0
1.0337	-0.11113	0.07492	0
1.8798	-0.19976	-0.080163	0
1.8792	-0.19969	0.080011	0
-0.31789	0.054175	-0.017759	0
-0.3118	0.21668	0.010049	0
0.35224	-0.040259	0.0087984	0
0.57751	-0.064672	-0.065492	0
1.8721	-0.19887	0.038703	0
-0.25884	0.042761	0.091261	0
-0.17589	0.24114	0.028199	0
2.2044	-0.24114	0.028199	0
1.3131	-0.13917	-0.030989	0
-0.51127	0.14939	-0.056994	0
1.6363	-0.17268	-0.075024	0
1.6358	-0.17262	0.074693	0
0.49791	-0.056213	0.079874	0
1.6278	-0.17176	0.032928	0
-0.32403	0.21417	0.092637	0
-0.028348	0.0065734	0.050678	0
-0.24382	0.22963	-0.091675	0
0.58921	-0.065899	0.06019	0
1.6523	-0.1744	0.019019	0
-0.46819	0.17474	0.01995	0
-0.39196	0.19853	0.038906	0
0.32116	-0.036756	-0.091317	0
-0.37298	0.066357	0.014005	0
-0.51782	0.13348	0.056286	0
0.53444	-0.060117	-0.018199	0
0.48569	-0.054906	-0.03392	0
-0.46691	0.094357	0.091771	0
1.3086	-0.13872	-0.040527	0
-0.51716	0.1401	-0.028068	0
-0.08672	0.01487	-0.0063035	0
-0.48605	0.10287	-0.026634	0
-0.2396	0.039285	0.022413	0
0.61665	-0.06877	-0.022717	0
1.6028	-0.1691	-0.031309	0
0.62643	-0.069789	0.074768	0
-0.51784	0.13697	0.020787	0
0.85924	-0.093617	0.028414	0
0.4212	-0.047903	-0.042376	0
-0.33527	0.21178	0.032704	0
1.9813	-0.21186	0.032708	0
-0.18269	0.029627	-0.06087	0
0.90527	-0.098252	-0.03778	0
-0.51697	0.14026	0.029798	0
-0.42252	0.19019	0.009724	0
-0.17284	0.24163	0.065032	0
2.2136	-0.24247	0.064404	0
2.2122	-0.24228	-0.064329	0
-0.16923	0.24219	-0.063849	0
1.3864	-0.14662	0.046133	0
-0.218	0.035531	0.0052521	0
0.13704	-0.015	0.092687	0
0.48434	-0.054758	0.013664	0
0.5693	-0.063806	-0.039207	0
-0.48676	0.16632	0.091551	0
0.62785	-0.069934	0.00711	0
1.4221	-0.15027	0.019988	0
2.0972	-0.2265	-0.03264	0
-0.26094	0.22651	-0.032634	0
1.0601	-0.11377	0.0039717	0
1.4037	-0.14839	-0.0082117	0
-0.0114	0.004251	0.092157	0
-0.51618	0.12733	-0.079164	0
1.5878	-0.16752	-0.046082	0
-0.43083	0.18769	0.077836	0
0.14731	-0.016266	0.076267	0
-0.49808	0.10967	0.034504	0
0.052717	-0.0042999	0.041173	0
-0.13125	0.02153	0.046606	0
-0.51795	0.13406	-0.054108	0
0.15295	-0.016959	-0.019318	0
0.0249	-0.00064893	-0.022325	0
-0.13914	0.022709	-0.030036	0
-0.40346	0.074059	-0.050209	0
1.3305	-0.14094	0.032034	0
-0.46491	0.17602	-0.076561	0
-0.43795	0.18546	-0.079819	0
-0.49552	0.10816	0.079115	0
1.5522	-0.16377	0.045879	0
-0.5174	0.13143	0.072921	0
-0.10115	0.017012	0.011065	0
-0.41488	0.077199	0.073923	0
-0.33426	0.057626	0.067737	0
0.14232	-0.01566	-0.074519	0
-0.20724	0.03372	-0.092769	0
0.44083	-0.050052	0.055521	0
0.45617	-0.051716	0.065529	0
1.0335	-0.1111	-0.025229	0
1.7885	-0.18935	-0.050171	0
-0.5177	0.13357	-0.066371	0
-0.51156	0.14894	0.046197	0
1.4572	-0.15389	-0.040111	0
-0.25447	0.041964	0.070473	0
-0.44732	0.18242	0.0045633	0
-0.39738	0.072508	0.026779	0
1.241	-0.1319	-0.016982	0
1.7232	-0.1821	0.0046209	0
-0.43842	0.18528	-0.005653	0
1.7396	-0.18391	-0.0060588	0
-0.36725	0.20459	0.078187	0
-0.3985	0.19683	0.026164	0
-0.15983	0.025983	0.091769	0
-0.50565	0.11499	0.092787	0
2.2208	-0.24352	-0.03429	0
-0.16079	0.24354	-0.034236	0
-0.3791	0.067886	0.043965	0
1.7324	-0.18311	-0.022599	0
0.020565	-6.4706e-05	0.027985	0
-0.34447	0.20986	-0.054748	0
-0.38146	0.20116	-0.079566	0
1.2544	-0.13324	0.092055	0
1.2577	-0.13358	-0.092057	0
1.8131	-0.19212	0.055699	0
-0.43802	0.18543	-0.032688	0
0.25075	-0.028652	-0.0053381	0
-0.28405	0.047472	-0.056652	0
-0.16711	0.24254	0.0039183	0
2.2142	-0.24255	0.0039589	0
-0.47944	0.16982	-0.025327	0
0.50308	-0.056769	0.030924	0
-0.44366	0.18362	-0.022673	0
-0.29512	0.049579	0.046184	0
-0.48284	0.16826	0.012378	0
-0.51728	0.12976	-0.030129	0
-0.45425	0.17994	-0.06152	0
0.55479	-0.062278	-0.047996	0
-0.41879	0.078364	-0.059315	0
-0.50261	0.11265	0.0025902	0
-0.50411	0.15576	0.068544	0
0.12787	-0.013865	0.028507	0
-0.46916	0.095356	0.033658	0
0.34063	-0.038955	-0.057604	0
-0.33042	0.05679	0.092258	0
-0.43808	0.084196	-0.092994	0
0.75416	-0.082953	-0.018472	0
-0.45303	0.089236	-0.004114	0
0.81377	-0.089017	0.046214	0
-0.2336	0.03824	-0.079201	0
-0.49758	0.16023	-0.03474	0
-0.48572	0.10273	0.0027126	0
0.26206	-0.029969	0.036964	0
-0.45787	0.17867	0.048092	0
-0.23955	0.23039	0.091961	0
0.77034	-0.084601	-0.028527	0
-0.32629	0.055922	0.026645	0
-0.327	0.056066	0.018353	0
-0.061363	0.011217	0.036257	0
-0.39277	0.19831	-0.039567	0
1.8658	-0.19815	-0.038856	0
-0.48322	0.10155	-0.091836	0
-0.42336	0.18991	-0.050535	0
-0.46965	0.095514	-0.017232	0
0.99353	-0.10711	-0.091845	0
-0.51544	0.12609	0.010582	0
1.2085	-0.12862	-0.066042	0
-0.51736	0.1387	0.0047056	0
-0.51047	0.11938	0.044455	0
-0.1687	0.24227	0.019159	0
2.2122	-0.24227	0.019159	0
-0.5079	0.15285	0.059913	0
1.1284	-0.12061	0.033078	0
-0.50642	0.11579	-0.092964	0
-0.24067	0.23017	-0.056047	0
0.33463	-0.038278	-0.032183	0
-0.50575	0.11524	0.075884	0
0.66207	-0.073494	0.091021	0
-0.51506	0.12543	-0.014806	0
1.987	-0.21254	0.091875	0
1.987	-0.21254	-0.091875	0
0.10856	-0.011439	0.037423	0
1.8706	-0.1987	-0.026026	0
-0.49777	0.10945	-0.011536	0
-0.080531	0.013991	-0.08019	0
-0.26852	0.044542	0.06117	0
0.4805	-0.054347	0.0029761	0
0.31786	-0.036376	0.04443	0
0.54486	-0.061218	0.038028	0
-0.43724	0.083888	0.090535	0
1.4852	-0.15678	-0.092513	0
1.4855	-0.15681	0.092463	0
1.4877	-0.15704	-0.0092178	0
-0.39003	0.19904	-0.025694	0
-0.16918	0.02747	-0.046897	0
1.9761	-0.21121	0.07221	0
1.9761	-0.21121	-0.07221	0
1.4582	-0.15399	-0.032264	0
-0.37293	0.20328	0.018845	0
1.9169	-0.20411	0.019225	0
1.3567	-0.14359	-0.058523	0
0.41392	-0.047104	-0.058059	0
-0.49069	0.10531	0.052078	0
0.98949	-0.1067	0.09186	0
-0.075171	0.013197	0.044553	0
-0.25569	0.22748	0.024763	0
-0.23909	0.23047	0.015187	0
2.1256	-0.23025	0.015199	0
2.102	-0.22713	0.024713	0
-0.51436	0.124	-0.052747	0
-0.45982	0.091671	-0.065767	0
-0.28931	0.22118	-0.016983	0
2.0558	-0.22114	-0.017007	0
1.3065	-0.13851	0.05902	0
0.34542	-0.039496	-0.041366	0
1.4004	-0.14805	0.072533	0
-0.49512	0.16174	0.080786	0
-0.47434	0.1721	-0.0080736	0
1.4469	-0.15283	0.060532	0
1.8577	-0.1972	0.026233	0
0.57534	-0.064439	0.052576	0
1.943	-0.20721	0.064324	0
-0.51645	0.14182	0.060885	0
0.39074	-0.044544	-0.093403	0
-0.17758	0.028818	0.065102	0
0.88872	-0.096587	0.092371	0
-0.2057	0.033422	-0.023528	0
-0.49357	0.16269	-0.042826	0
0.19386	-0.021917	-0.092277	0
-0.35423	0.20762	0.0082648	0
-0.39147	0.19865	0.00018155	0
1.9467	-0.20766	0.0082847	0
1.8738	-0.19907	-0.00027557	0
1.092	-0.11696	-0.0096173	0
-0.51182	0.12103	-0.062768	0
0.092524	-0.0094202	-0.057066	0
2.124	-0.23005	-0.03938	0
-0.243	0.22976	-0.038856	0
1.1971	-0.12749	-0.0033442	0
0.41737	-0.047479	0.092382	0
-0.51764	0.13785	-0.092269	0
-0.43934	0.185	0.093726	0
1.1721	-0.12498	-0.030315	0
-0.31907	0.2152	-0.093578	0
0.31088	-0.035589	-0.06641	0
-0.17015	0.24207	0.081126	0
2.211	-0.24207	0.081126	0
2.211	-0.24207	-0.081126	0
-0.17017	0.24207	-0.081126	0
-0.19627	0.031883	0.057618	0
-0.48284	0.16821	0.028673	0
0.88067	-0.095776	0.070342	0
-0.007157	0.0036493	-0.037816	0
0.30641	-0.03508	-0.082064	0
1.4652	-0.15471	0.033317	0
0.97486	-0.10524	-0.081258	0
-0.50987	0.11879	-0.030108	0
-0.48233	0.1684	0.066007	0
-0.50428	0.15581	0.038773	0
-0.35118	0.20832	-0.027375	0
0.39719	-0.045262	-0.025325	0
-0.43997	0.084808	-0.077116	0
1.2613	-0.13394	-0.082185	0
1.2357	-0.13137	0.08174	0
-0.51763	0.13702	-0.043086	0
0.43475	-0.049377	0.046692	0
1.3918	-0.14717	-0.044368	0
-0.50863	0.11768	-0.075351	0
-0.50058	0.11128	0.043249	0
1.3667	-0.14461	-0.016177	0
1.9533	-0.20845	-0.027603	0
2.1317	-0.23109	0.071918	0
2.1317	-0.23109	-0.071918	0
1.2919	-0.13703	0.068047	0
-0.050042	0.009606	0.021651	0
-0.087525	0.015	-0.093897	0
1.1087	-0.11863	-0.022874	0
0.19357	-0.021879	0.080912	0
0.4241	-0.048219	0.083827	0
0.55818	-0.062626	-0.0087339	0
-0.49948	0.11073	-0.051256	0
-0.24641	0.22916	0.056121	0
-0.51767	0.13724	-0.0021619	0
-0.2352	0.038523	0.037163	0
0.034859	-0.0019658	-0.0016148	0
0.67576	-0.074904	-0.016314	0
-0.44765	0.18223	0.06382	0
0.82999	-0.090663	0.0049708	0
0.98784	-0.10654	0.080635	0
0.89585	-0.097305	-0.029691	0
-0.40846	0.19416	-0.033355	0
-0.50609	0.11544	-0.037162	0
1.8312	-0.19416	-0.033371	0
1.6017	-0.16899	-0.082309	0
-0.45794	0.091006	-0.081848	0
-0.15876	0.24386	-0.0047911	0
2.2235	-0.24391	-0.0045577	0
-0.18709	0.030379	-0.075813	0
0.41854	-0.047609	0.032641	0
1.5639	-0.165	-0.09406	0
1.5639	-0.165	0.09406	0
0.03891	-0.0024919	0.012055	0
-0.45569	0.090219	-0.032087	0
-0.51493	0.12516	0.037379	0
1.2839	-0.13622	0.018383	0
-0.40929	0.19394	-0.093335	0
1.7295	-0.18279	0.033139	0
-0.28902	0.048407	-0.092481	0
0.24258	-0.027694	0.0025166	0
-0.4029	0.19568	0.070081	0
-0.50897	0.1517	0.092263	0
-0.19782	0.032135	-0.0082329	0
0.75304	-0.082842	0.029777	0
0.18273	-0.020577	0.049898	0
1.0891	-0.11667	0.039718	0
-0.44141	0.18435	0.033629	0
-0.5109	0.14958	-0.048464	0
-0.43	0.081647	0.029493	0
-0.40523	0.19501	-0.0557	0
0.13183	-0.014338	0.0026646	0
-0.36761	0.065123	-0.0058878	0
1.8202	-0.19292	-0.056585	0
0.86525	-0.094222	0.020006	0
-0.24782	0.040774	-0.051632	0
-0.50683	0.15346	0.051826	0
-0.32346	0.055366	-0.045879	0
-0.40785	0.075315	0.0032805	0
-0.48635	0.16647	-0.052489	0
-0.40486	0.074502	0.062828	0
-0.48134	0.10063	0.071173	0
-0.51723	0.13925	0.071023	0
0.030577	-0.0014158	-0.062572	0
-0.35561	0.20734	-0.06429	0
1.9466	-0.20765	-0.064621	0
1.3557	-0.1435	-0.080939	0
-0.33652	0.058077	0.083431	0
-0.51101	0.12006	0.052942	0
0.84393	-0.092072	-0.0050146	0
0.67278	-0.074596	0.040333	0
1.1679	-0.12457	0.063023	0
0.35023	-0.040037	0.0817	0
0.22308	-0.025398	-0.04175	0
-0.38189	0.068565	-0.022461	0
1.4723	-0.15544	-0.022068	0
1.3436	-0.14227	0.093024	0
1.3446	-0.14237	-0.093065	0
2.2187	-0.24323	-0.027221	0
-0.16272	0.24323	-0.027213	0
-0.41055	0.076038	-0.025981	0
-0.41023	0.075901	-0.035296	0
-0.51768	0.1387	-0.082277	0
0.22054	-0.025092	-0.054598	0
0.09852	-0.010176	-0.024169	0
0.64779	-0.072012	-0.073687	0
-0.51565	0.12666	0.067489	0
-0.33295	0.2123	-0.072035	0
-0.51444	0.14518	-0.094173	0
0.78784	-0.086386	0.015297	0
1.628	-0.17179	0.0045135	0
0.066171	-0.0060423	0.025288	0
0.0022313	0.0023974	0.035061	0
0.88723	-0.096436	0.052559	0
1.244	-0.1322	-0.026793	0
-0.10896	0.01818	0.092859	0
1.5587	-0.16446	-0.052628	0
-0.22651	0.23265	0.070726	0
0.74839	-0.082364	0.09304	0
1.6021	-0.16904	0.082118	0
0.8988	-0.097601	-0.019829	0
2.0565	-0.22123	-0.007606	0
1.919	-0.20438	-0.0523	0
1.5872	-0.16746	-0.024004	0
1.9929	-0.21328	-0.0050465	0
-0.16163	0.24341	0.035451	0
2.2207	-0.24351	0.035528	0
-0.28875	0.22127	-0.0075414	0
-0.47499	0.1719	0.0025805	0
0.75242	-0.082776	0.038199	0
0.66848	-0.074154	0.081724	0
-0.51722	0.13058	-0.038907	0
-0.32812	0.2133	-0.005006	0
-0.43846	0.084328	0.019664	0
-0.089979	0.015355	0.028461	0
0.62819	-0.069974	0.014769	0
-0.47026	0.095732	0.057349	0
-0.3582	0.20674	0.039831	0
0.63503	-0.070685	-0.0079643	0
-0.16223	0.24332	0.093315	0
2.2116	-0.24219	-0.092328	0
2.2116	-0.24219	0.092328	0
-0.16223	0.24332	-0.093315	0
-0.43354	0.082772	0.040772	0
0.18657	-0.021041	0.063966	0
-0.49308	0.16286	0.044212	0
-0.47091	0.096081	0.084416	0
-0.36534	0.064597	-0.054237	0
-0.038351	0.0079656	0.0017274	0
0.71647	-0.079097	-0.062342	0
0.056064	-0.0047433	-0.094288	0
-0.3659	0.064677	-0.073048	0
1.9398	-0.20683	0.039317	0
-0.23954	0.23041	0.040891	0
2.1223	-0.2298	0.041114	0
-0.51211	0.14838	-0.081026	0
1.5145	-0.15982	0.020796	0
-0.39278	0.071299	-0.010418	0
1.1383	-0.12159	-0.081681	0
1.4014	-0.14815	0.028766	0
-0.41232	0.19309	-0.083729	0
1.5149	-0.15987	-0.065072	0
0.061578	-0.0054433	0.061507	0
1.4703	-0.15524	-0.085274	0
1.4703	-0.15524	0.085274	0
1.06	-0.11376	-0.062735	0
-0.22397	0.23309	0.029515	0
2.1463	-0.23306	0.029507	0
0.83621	-0.091289	-0.072833	0
0.53497	-0.06017	-0.05606	0
-0.16972	0.027534	-0.014739	0
-0.19203	0.03117	0.082798	0
0.25596	-0.029264	-0.029794	0
0.023574	-0.00046588	-0.080466	0
-0.31786	0.054186	-0.061684	0
0.92019	-0.099754	0.0088335	0
0.3889	-0.044351	-0.017222	0
0.929	-0.10064	-0.0039196	0
-0.054028	0.010192	0.05862	0
0.60622	-0.067682	-0.093043	0
-0.44841	0.18196	0.024042	0
-0.28012	0.046691	0.015613	0
-0.51452	0.145	0.094655	0
-0.21996	0.2338	0.0059552	0
2.1534	-0.23402	0.0059395	0
0.75555	-0.083094	0.051694	0
-0.046603	0.0091243	-0.064144	0
-0.2759	0.045924	0.038161	0
2.1604	-0.235	0.094679	0
2.1604	-0.235	-0.094679	0
1.05	-0.11275	0.05115	0
0.31831	-0.036425	-0.0062195	0
0.42738	-0.048569	-0.082631	0
-0.28585	0.047794	-0.084049	0
0.58953	-0.065936	-0.081962	0
-0.3648	0.20516	-0.04002	0
-0.4337	0.082856	0.082239	0
1.1723	-0.125	0.094722	0
1.1723	-0.125	-0.094722	0
1.9239	-0.20495	-0.039954	0
-0.40375	0.074159	0.018039	0
1.1269	-0.12045	-0.058736	0
-0.37994	0.20155	0.055487	0
-0.5068	0.15348	0.0064061	0
-0.30951	0.052487	0.061252	0
0.64886	-0.072123	0.02852	0
0.16798	-0.018787	0.020733	0
-0.4954	0.10803	0.018387	0
-0.3562	0.20716	0.093357	0
0.27603	-0.031585	0.070146	0
1.7979	-0.1904	-0.0094248	0
0.092985	-0.0094809	-0.081538	0
0.98118	-0.10587	-0.017555	0
0.86697	-0.094394	0.084525	0
-0.25451	0.041969	-0.029	0
1.8422	-0.19543	0.032889	0
-0.045594	0.0089787	-0.023458	0
-0.063095	0.01145	-0.030804	0
1.2278	-0.13057	0.05626	0
1.0128	-0.10904	-0.049049	0
-0.50583	0.11532	0.030809	0
-0.42081	0.19064	-0.0093625	0
-0.50801	0.15262	0.083839	0
1.8362	-0.19473	-0.094259	0
1.8362	-0.19473	0.094258	0
-0.51072	0.14986	-0.065683	0
-0.24677	0.040572	-0.0060817	0
-0.36681	0.064892	0.029817	0
-0.41973	0.078655	-0.043537	0
0.75328	-0.082863	0.080086	0
-0.25401	0.041904	0.0016473	0
-0.34236	0.059393	-0.031245	0
-0.50378	0.1137	-0.0060383	0
-0.51362	0.12322	-0.043059	0
0.23802	-0.02715	0.053905	0
-0.47402	0.17222	-0.083522	0
1.37	-0.14495	-0.06505	0
-0.45471	0.089878	-0.05381	0
1.3498	-0.1429	0.016406	0
1.6075	-0.16961	0.040948	0
0.47888	-0.054173	-0.026224	0
-0.51445	0.14514	-0.034969	0
0.88949	-0.096664	-0.081214	0
0.52304	-0.058897	-0.071056	0
1.3706	-0.14501	0.081168	0
1.591	-0.16786	-0.058846	0
-0.48933	0.165	-0.094905	0
-0.21532	0.03509	0.045376	0
-0.41459	0.19245	0.084055	0
1.6903	-0.17851	0.050993	0
-0.45679	0.17899	-0.0098359	0
-0.12841	0.021105	-0.0017653	0
-0.4483	0.18202	-0.093169	0
1.4644	-0.15463	0.0066504	0
1.5299	-0.16143	0.063169	0
1.5255	-0.16097	0.028118	0
-0.32315	0.055285	-0.094684	0
-0.28795	0.22144	0.046959	0
2.0634	-0.22211	0.047749	0
2.0154	-0.21604	-0.046715	0
-0.31402	0.21628	-0.046575	0
-0.466	0.09408	0.076196	0
-0.32819	0.056317	0.052931	0
-0.41098	0.19349	0.033185	0
0.61913	-0.069026	0.035949	0
-0.21407	0.034865	0.070818	0
1.6549	-0.17468	-0.045662	0
-0.008254	0.0038116	0.072316	0
1.7044	-0.18005	-0.040399	0
0.76031	0.35472	0.00024345	0
1.4362	0.42496	-0.025252	0
1.2775	0.40824	0.03509	0
0.34897	0.31009	0.039914	0
0.34901	0.31009	-0.039914	0
0.98146	0.37764	-0.047465	0
0.80829	0.35972	0.050532	0
1.6765	0.45123	0.016082	0
1.7163	0.45576	-0.056868	0
0.20596	0.2933	-1.3562e-16	0
1.6147	0.44432	0.055912	0
1.144	0.3944	-0.00096958	0
0.6292	0.34089	-0.06282	0
1.3244	0.41315	-0.061909	0
1.7693	0.46186	-0.017427	0
0.13529	0.28463	0.064598	0
0.13586	0.28471	-0.065479	0
1.1074	0.39062	0.062371	0
0.5122	0.32829	0.06684	0
0.46966	0.32362	0.01153	0
0.62119	0.34004	-0.030077	0
0.10615	0.28093	0.028841	0
0.11251	0.28176	-0.027965	0
0.995	0.37904	0.026058	0
1.8346	0.46957	0.04004	0
1.4214	0.42338	0.0045814	0
0.38745	0.31445	-0.070385	0
1.8496	0.47137	0.069434	0
1.3831	0.41932	0.071419	0
1.1771	0.39782	-0.02847	0
0.88119	0.36729	-0.071784	0
0.59697	0.33744	0.03566	0
0.92234	0.37154	-0.020791	0
1.5345	0.43553	-0.074332	0
0.41257	0.31728	-0.012843	0
1.5153	0.43345	0.036297	0
1.8755	0.47451	-0.074747	0
1.8737	0.47429	0.0025033	0
0.86863	0.36599	0.073794	0
1.1254	0.39247	-0.074099	0
0.32445	0.30727	0.075556	0
1.8838	0.47551	-0.041434	0
1.5196	0.43391	-0.046741	0
1.5933	0.44197	-0.0085056	0
0.75667	0.35434	0.02273	0
0.049195	0.27357	0.0078392	0
0.77286	0.35603	-0.044764	0
0.31106	0.30573	0.018551	0
0.0087743	0.26819	0.048597	0
0.040349	0.27244	-0.047538	0
1.6703	0.45053	0.078379	0
1.0909	0.38892	0.045489	0
0.59334	0.33706	-0.0071895	0
1.6042	0.44316	-0.032286	0
0.68328	0.34663	0.079322	0
0.95434	0.37484	0.0054252	0
0.01259	0.26873	0.081227	0
0.0028141	0.26738	-0.080775	0
1.2468	0.40504	0.015542	0
0.55908	0.33338	-0.080563	0
1.382	0.4192	0.050043	0
1.9188	0.47982	0.022911	0
1.3324	0.41398	-0.044282	0
0.54886	0.33227	-0.045312	0
0.020049	0.26972	-0.01187	0
1.7225	0.45646	-0.079673	0
1.3103	0.41167	-0.0108	0
0.17568	0.28963	0.046727	0
0.19674	0.29219	-0.046228	0
0.23583	0.29689	-0.080613	0
1.374	0.41836	-0.080577	0
1.1655	0.39662	-0.05143	0
1.2118	0.40141	0.080954	0
1.9306	0.48129	-0.01372	0
1.9406	0.48254	0.054123	0
0.23669	0.29699	-0.018492	0
0.38317	0.31397	0.058055	0
1.6752	0.45108	0.040203	0
0.72019	0.35052	-0.082424	0
1.946	0.48323	-0.058268	0
1.2346	0.40377	0.052933	0
0.6359	0.34161	0.050768	0
1.0255	0.38218	0.082205	0
1.5202	0.43397	0.083849	0
0.18093	0.29028	0.081832	0
0.63947	0.34198	0.011029	0
0.75001	0.35364	-0.016788	0
0.47599	0.32432	0.083194	0
1.7239	0.45663	-0.0019478	0
1.7639	0.46122	0.056398	0
1.9469	0.48335	0.083818	0
0.94688	0.37408	0.059303	0
0.4747	0.32417	-0.028921	0
0.3034	0.30484	-0.056853	0
0.44631	0.32104	0.027589	0
1.406	0.42174	0.021936	0
0.33645	0.30865	0.00043723	0
-0.0066629	0.26609	0.063595	0
-0.0059307	0.26619	-0.063229	0
1.0718	0.38695	-0.015808	0
0.49151	0.32602	0.045127	0
1.7489	0.45949	-0.039471	0
0.73426	0.352	0.06469	0
1.0014	0.37969	-0.064315	0
-0.0095967	0.26569	0.022609	0
0.98657	0.37817	-0.082256	0
0.94139	0.37351	0.041136	0
1.1046	0.39033	0.012513	0
-0.016612	0.26472	-0.03174	0
1.787	0.46395	0.025285	0
1.0416	0.38384	-0.033073	0
0.16979	0.28889	0.015034	0
0.49124	0.32599	-0.06144	0
1.5697	0.43936	0.0058371	0
0.86366	0.36547	-0.057252	0
1.7906	0.46436	0.085112	0
1.1376	0.39374	0.029416	0
1.958	0.48477	0.038878	0
1.233	0.40361	-0.085024	0
1.9617	0.48524	-0.085461	0
1.4562	0.42709	-0.010287	0
0.22759	0.29591	0.031721	0
0.8866	0.36785	-0.03538	0
1.9572	0.48466	-0.028901	0
0.25544	0.29921	0.059849	0
0.73199	0.35175	0.037055	0
0.39264	0.31504	-0.085267	0
1.5139	0.43329	0.067237	0
1.3586	0.41674	0.085104	0
1.5953	0.44219	-0.059747	0
0.88439	0.36762	-0.007275	0
1.4624	0.42776	-0.062386	0
0.23493	0.29678	-0.032567	0
1.5554	0.43781	0.020332	0
0.12533	0.28337	-0.085778	0
0.13406	0.28446	-0.011442	0
1.9663	0.48583	0.068621	0
0.85348	0.36442	-0.087559	0
1.3072	0.41135	-0.024942	0
-0.022873	0.26386	0.035675	0
1.6012	0.44284	-0.086263	0
0.79656	0.3585	0.086214	0
1.9693	0.48621	0.010385	0
0.76059	0.35475	-0.065552	0
1.8283	0.46882	-0.062111	0
1.2515	0.40553	0.067503	0
1.8285	0.46885	-0.088348	0
1.5472	0.43691	0.048871	0
1.6409	0.44724	-0.046394	0
1.2576	0.40616	0.0018163	0
0.45966	0.32251	-0.0038915	0
0.75434	0.35409	-0.03119	0
0.34069	0.30913	-0.026353	0
0.63756	0.34178	-0.047556	0
0.89156	0.36836	0.01697	0
1.184	0.39853	-0.06682	0
0.41376	0.3174	-0.050825	0
0.23757	0.29711	-0.063687	0
1.791	0.4644	0.011869	0
1.4014	0.42126	0.038978	0
1.9764	0.48712	-0.0027608	0
0.57632	0.33523	0.087295	0
1.9748	0.4869	-0.070092	0
1.9595	0.48494	-0.046335	0
1.4813	0.42978	-0.08693	0
0.53665	0.33094	0.023387	0
-0.028282	0.26311	-0.0018616	0
1.8459	0.47091	-0.0080347	0
0.31365	0.30603	0.088351	0
1.7135	0.45542	0.06712	0
1.5138	0.43328	-0.036551	0
1.8822	0.47531	-0.030464	0
1.6508	0.44835	0.027743	0
1.6924	0.45304	-0.069784	0
1.4002	0.42114	-0.051523	0
1.5473	0.43693	-0.019717	0
1.6841	0.45209	-0.017758	0
0.93117	0.37245	0.085816	0
1.199	0.40009	-0.015962	0
1.1069	0.39057	-0.087463	0
0.86802	0.36592	0.029989	0
1.1337	0.39334	-0.040429	0
0.41046	0.31705	0.070952	0
1.0547	0.38519	-0.005969	0
1.8141	0.46712	-0.048878	0
0.095987	0.27965	0.086958	0
0.48711	0.32554	-0.019271	0
-0.03395	0.26234	-0.020711	0
0.23904	0.29728	0.07121	0
1.283	0.40882	-0.073758	0
0.98836	0.37835	0.070526	0
1.6075	0.44352	0.088626	0
-0.023134	0.26382	0.088206	0
-0.027281	0.26325	-0.087852	0
0.28315	0.30247	-0.0077827	0
0.57876	0.33549	0.0031738	0
1.1141	0.39131	0.087355	0
0.11971	0.28267	0.0014459	0
0.62801	0.34076	-0.088108	0
0.11081	0.28155	0.039326	0
0.097893	0.27989	-0.039834	0
0.68169	0.34646	0.024822	0
0.12264	0.28302	0.054022	0
0.10309	0.28056	-0.055086	0
0.6386	0.34189	-0.072513	0
1.3382	0.41459	0.059618	0
0.80232	0.3591	0.011991	0
-0.040227	0.26145	0.012116	0
-0.047517	0.26046	0.055553	0
-0.043114	0.26106	-0.053585	0
0.69287	0.34764	-0.0084713	0
0.62895	0.34087	0.070024	0
0.47525	0.32424	-0.090412	0
1.0519	0.3849	0.055255	0
1.7663	0.46152	-0.072269	0
0.30721	0.30529	-0.089803	0
0.354	0.31066	0.02641	0
0.4039	0.3163	0.016876	0
1.2706	0.40753	-0.051444	0
0.093531	0.27934	0.075144	0
-0.042693	0.26111	0.072863	0
-0.03933	0.26159	-0.072282	0
0.26887	0.30082	0.047948	0
0.84318	0.36335	0.064547	0
0.73745	0.35232	-0.057755	0
1.322	0.4129	0.025863	0
1.6982	0.45368	-0.02812	0
0.0879	0.27861	0.017872	0
0.17548	0.2896	-0.054998	0
1.1992	0.4001	0.04347	0
0.27101	0.30106	0.0081641	0
1.7053	0.45449	0.089789	0
0.12227	0.28298	-0.076276	0
0.63864	0.3419	-0.018341	0
1.873	0.47419	0.090467	0
1.118	0.39171	0.078465	0
1.2889	0.40943	0.045747	0
2.0037	0.49063	0.045252	0
1.6089	0.44367	0.06761	0
0.5536	0.33278	0.077093	0
0.47482	0.32419	-0.07202	0
1.0607	0.38581	-0.055228	0
0.87683	0.36684	-0.046439	0
1.4171	0.42291	-0.034875	0
1.8536	0.47184	0.059612	0
1.7603	0.4608	0.074967	0
0.40249	0.31615	0.090447	0
2.0031	0.49056	0.024498	0
0.04944	0.27362	-0.089969	0
1.448	0.42622	-0.072716	0
1.4887	0.43056	0.013555	0
0.98659	0.37817	0.015412	0
1.2266	0.40294	-0.037037	0
-0.045992	0.26066	-0.042536	0
0.664	0.34459	0.0010008	0
1.0362	0.38328	0.035521	0
0.47747	0.32449	0.056549	0
0.84055	0.36308	0.039819	0
0.54586	0.33195	-0.035402	0
0.44409	0.3208	-0.041754	0
1.3696	0.41789	0.012207	0
1.4357	0.4249	0.090568	0
1.324	0.4131	-0.089825	0
0.44166	0.32052	0.037907	0
0.77644	0.35641	0.076088	0
1.7606	0.46084	0.034173	0
1.6884	0.45258	0.050684	0
0.037205	0.272	-0.023247	0
1.4832	0.42998	0.05629	0
0.6589	0.34405	0.090209	0
0.28352	0.30252	-0.045413	0
0.69476	0.34784	-0.038115	0
1.0383	0.3835	-0.073011	0
0.32944	0.30785	-0.077771	0
1.1875	0.39889	0.0084661	0
1.2519	0.40558	0.091996	0
1.8857	0.47573	0.012219	0
1.0456	0.38425	0.0042124	0
1.7262	0.45689	-0.011411	0
0.82864	0.36184	-0.025945	0
1.7097	0.455	-0.090897	0
0.77722	0.35649	-0.091362	0
0.20193	0.29283	-0.090136	0
0.86108	0.36521	0.0017579	0
1.864	0.4731	0.03037	0
1.8539	0.47188	0.049932	0
0.57174	0.33474	-0.055731	0
1.5233	0.43431	-0.0030492	0
1.6364	0.44674	-0.00094684	0
1.9974	0.48983	-0.020326	0
0.22278	0.29533	0.0907	0
0.38853	0.31459	0.048712	0
0.33633	0.30865	0.064811	0
0.89992	0.36923	0.049161	0
1.3798	0.41897	-0.017277	0
1.3814	0.41914	-0.0047387	0
0.56041	0.33351	-0.067515	0
0.062703	0.27534	0.067546	0
-0.056028	0.25922	-0.011571	0
0.39318	0.31511	-0.059517	0
1.6239	0.44535	-0.078003	0
1.0931	0.38914	-0.065425	0
0.65367	0.34349	0.041431	0
1.7636	0.4612	0.045238	0
0.063127	0.27539	-0.061551	0
2.0106	0.49155	0.09163	0
0.96503	0.37595	-0.012666	0
0.15814	0.28746	-0.019599	0
1.8967	0.4771	-0.09134	0
1.2347	0.40379	0.024907	0
1.2334	0.40365	-0.0082336	0
1.9974	0.48983	0.060235	0
1.1447	0.39446	0.053485	0
2.0181	0.49253	-0.053867	0
0.72555	0.35108	0.054813	0
0.043381	0.27281	0.033287	0
1.868	0.47358	0.080176	0
1.313	0.41195	0.076826	0
1.5876	0.44133	0.040049	0
1.8571	0.47227	-0.020013	0
0.19138	0.29153	-0.073518	0
2.0041	0.49068	0.075767	0
2.0092	0.49136	-0.036419	0
1.4276	0.42404	0.079202	0
0.99673	0.37922	0.047664	0
0.79704	0.35855	-0.0083557	0
1.0899	0.38882	-0.025258	0
0.0504	0.27376	0.057314	0
0.169	0.2888	0.024547	0
0.80361	0.35924	-0.074363	0
0.038007	0.2721	-0.0015471	0
0.32079	0.30686	-0.017457	0
1.8965	0.47708	-0.050489	0
1.0429	0.38397	0.091444	0
0.04976	0.27368	-0.071617	0
0.49848	0.32678	0.092621	0
0.57401	0.33498	0.058813	0
0.17052	0.28899	-0.037364	0
1.3585	0.41672	-0.069944	0
0.55566	0.333	-0.024653	0
0.030084	0.27105	0.091285	0
1.1929	0.39945	0.061186	0
-0.052445	0.25974	0.043766	0
1.5248	0.43448	0.092609	0
1.7863	0.46385	0.065205	0
0.95183	0.37459	-0.05611	0
0.93651	0.37301	-0.090888	0
0.20616	0.29333	-0.0087991	0
1.5869	0.44126	0.078643	0
1.9085	0.47857	-0.0046266	0
2.0054	0.49086	-0.011174	0
0.12507	0.28332	0.010045	0
1.4179	0.423	0.062981	0
0.25854	0.29958	0.080888	0
0.8553	0.36461	-0.015563	0
1.8978	0.47722	-0.06705	0
1.8223	0.4681	-0.037275	0
0.70436	0.34885	0.016214	0
2.0103	0.49152	-0.077953	0
0.91735	0.37103	-0.064536	0
0.46012	0.32256	-0.080909	0
0.27136	0.30109	0.038418	0
1.4922	0.43095	0.025499	0
0.40192	0.31609	0.080475	0
-0.058593	0.25886	0.028199	0
0.34836	0.31001	0.0096181	0
0.5466	0.33202	0.01306	0
1.0751	0.38729	0.022914	0
0.93987	0.37335	0.07794	0
1.9179	0.47972	0.044559	0
0.5697	0.33452	0.043135	0
1.5887	0.44145	-0.040684	0
0.18835	0.29117	0.055499	0
0.69985	0.34837	-0.024457	0
1.4101	0.42218	-0.090836	0
1.6945	0.45325	0.0079915	0
1.8002	0.46547	0.0029943	0
0.16384	0.28815	0.032702	0
0.66011	0.34417	0.060056	0
0.41372	0.31741	-0.02286	0
0.73077	0.35163	0.045942	0
1.6179	0.44468	0.047806	0
0.52149	0.3293	0.034052	0
0.96762	0.37622	-0.038695	0
1.0066	0.38023	-0.022863	0
-0.067805	0.25753	0.064402	0
-0.066111	0.25777	-0.063819	0
1.4633	0.42785	0.04381	0
0.9491	0.37431	-0.029582	0
0.31988	0.30675	-0.067093	0
0.48029	0.32479	0.018489	0
1.1425	0.39424	-0.011429	0
1.0316	0.38281	-0.091646	0
0.048612	0.2735	-0.032637	0
1.4429	0.42566	-0.044182	0
1.6661	0.45007	-0.039135	0
0.39014	0.31476	-0.032305	0
1.7059	0.45457	0.024823	0
1.0612	0.38586	-0.044965	0
2.0156	0.49219	0.0043417	0
0.41805	0.31789	0.0043644	0
0.39255	0.31502	-0.0049602	0
1.7563	0.46035	-0.064054	0
0.79299	0.35813	0.03115	0
0.47937	0.32469	0.075044	0
1.2167	0.40192	-0.076162	0
2.0103	0.49151	-0.091508	0
0.89965	0.3692	-0.080323	0
1.6024	0.44297	0.014083	0
1.1798	0.39809	-0.091617	0
0.86259	0.36536	0.091581	0
2.0144	0.49205	0.034776	0
2.0164	0.49232	0.014453	0
1.5269	0.4347	-0.056542	0
1.5507	0.43729	-0.091505	0
-0.075158	0.25646	-0.034236	0
1.3182	0.4125	-0.033064	0
1.7167	0.45579	-0.04857	0
1.6087	0.44366	-0.068227	0
-0.068367	0.25745	0.0039589	0
1.9373	0.48215	-0.076857	0
2.018	0.49253	-0.062445	0
1.1578	0.39582	0.070398	0
0.71387	0.34985	0.0080956	0
0.91693	0.37098	0.067728	0
1.5801	0.44051	0.029318	0
1.365	0.41741	0.032286	0
1.5349	0.43557	-0.065431	0
1.9096	0.47869	0.073526	0
0.15209	0.28671	0.092308	0
0.56176	0.33366	-0.092494	0
1.4788	0.42951	-0.018401	0
0.80697	0.35959	-0.037338	0
1.8324	0.46931	0.019869	0
1.7937	0.46472	0.093162	0
1.9185	0.47979	0.063482	0
1.6547	0.44878	-0.054107	0
-0.066377	0.25773	0.019159	0
1.1645	0.39651	0.01896	0
0.60939	0.33877	-0.039292	0
0.02117	0.26985	-0.05607	0
1.1346	0.39343	0.038044	0
0.8406	0.36308	-0.065096	0
1.9196	0.47993	-0.022735	0
0.34611	0.30976	-0.048125	0
0.27153	0.30111	-0.025979	0
1.3418	0.41497	0.0034897	0
0.48562	0.32537	-0.052964	0
0.94909	0.3743	0.032539	0
0.22749	0.29589	0.019225	0
0.95788	0.37521	-0.0025075	0
0.041225	0.27252	0.024758	0
0.018692	0.26953	0.015184	0
1.2206	0.40232	-0.045821	0
1.9389	0.48236	-0.036711	0
0.089799	0.27886	-0.017007	0
0.76225	0.35492	0.092871	0
1.0666	0.38641	-0.081001	0
0.31938	0.30668	0.055628	0
1.3405	0.41483	0.093183	0
1.8874	0.47595	-0.082566	0
1.028	0.38244	0.063172	0
1.9412	0.48265	0.092473	0
0.80139	0.35901	-0.052318	0
1.5398	0.43611	-0.082922	0
1.5838	0.44091	-0.051452	0
0.28465	0.30265	0.025868	0
0.19799	0.29234	0.0082823	0
0.27354	0.30134	0.00018473	0
0.29984	0.30443	-0.034734	0
0.024057	0.27024	-0.038857	0
1.4533	0.42678	0.071693	0
-0.06516	0.25793	0.081126	0
-0.065143	0.25793	-0.081126	0
0.015668	0.26911	0.071857	0
0.71094	0.34954	-0.073584	0
0.13006	0.28396	-0.093177	0
0.39176	0.31494	-0.093294	0
1.2485	0.40523	-0.093263	0
0.50829	0.32786	-0.010347	0
1.2728	0.40775	-0.017691	0
1.7971	0.46512	-0.028795	0
1.7781	0.4629	-0.092977	0
1.5322	0.43528	-0.012607	0
0.19146	0.29155	-0.027603	0
1.9431	0.48287	0.031446	0
1.9386	0.48231	0.0035111	0
0.69208	0.34755	-0.092379	0
0.79575	0.35842	0.057692	0
1.2993	0.41052	-0.081249	0
1.6286	0.44587	-0.092354	0
1.8951	0.47692	0.037245	0
1.552	0.43744	0.06057	0
0.66472	0.34466	0.032729	0
1.496	0.43136	0.004092	0
0.16459	0.28825	0.072112	0
1.8116	0.46683	-0.07892	0
1.1992	0.4001	0.034103	0
1.7318	0.45754	0.082062	0
1.2503	0.40541	-0.029541	0
1.6784	0.45144	0.059545	0
1.5166	0.43358	-0.027276	0
1.2433	0.40468	-0.058815	0
1.6634	0.44977	-0.0085466	0
0.19885	0.29244	0.064282	0
2.02	0.49279	-0.027442	0
-0.077718	0.25609	-0.0045577	0
1.3918	0.42025	-0.058914	0
0.96735	0.37619	0.092785	0
0.4367	0.31996	-0.065761	0
0.86241	0.36534	0.081906	0
1.9563	0.48456	-0.093598	0
1.452	0.42664	-0.002618	0
0.23569	0.29687	-0.039646	0
0.17332	0.28932	-0.081049	0
1.5243	0.43441	0.07474	0
1.1494	0.39496	-0.059544	0
2.0216	0.49301	0.066983	0
0.8591	0.365	-0.094268	0
-0.073026	0.25677	-0.027213	0
0.65058	0.34316	-0.080515	0
0.39946	0.3158	-0.077991	0
0.79813	0.35867	-0.082828	0
1.1144	0.39135	-0.032392	0
1.627	0.44569	0.021198	0
0.26234	0.30003	-0.072536	0
0.61795	0.33969	0.019359	0
1.2863	0.40916	0.084664	0
1.7734	0.46235	-0.0071651	0
1.4449	0.42588	-0.080499	0
0.089166	0.27877	-0.007606	0
0.95403	0.37481	-0.072704	0
1.4468	0.42609	0.032578	0
0.89421	0.36864	0.009637	0
0.15229	0.28672	-0.0050465	0
-0.074964	0.25649	0.035528	0
0.70559	0.34898	0.072531	0
-0.066132	0.25777	0.092331	0
-0.067024	0.25765	-0.092412	0
1.7856	0.46377	-0.056644	0
0.92191	0.3715	0.023909	0
0.85872	0.36496	0.056247	0
0.2051	0.29321	0.039278	0
0.83878	0.36289	0.02279	0
0.023687	0.27021	0.041111	0
0.54938	0.33232	0.050878	0
1.0709	0.38685	0.07119	0
0.55633	0.33307	-0.01596	0
1.2939	0.40995	0.0090593	0
1.6148	0.44433	-0.023853	0
1.2698	0.40744	-0.066771	0
2.031	0.49425	-0.0046226	0
0.72677	0.3512	0.085198	0
-0.00061122	0.26691	0.029511	0
1.8725	0.47414	-0.057455	0
2.0253	0.49348	0.053419	0
2.0265	0.49365	-0.084984	0
0.72481	0.351	0.02973	0
0.49764	0.32669	0.0038779	0
1.1509	0.39511	-0.020782	0
1.6575	0.4491	-0.085438	0
0.069356	0.27621	-0.080883	0
0.00016756	0.26701	-0.093327	0
-0.0076905	0.26595	0.0059377	0
0.80065	0.35893	-0.059595	0
2.0271	0.49373	0.083736	0
1.6849	0.45219	0.03231	0
1.2712	0.40758	0.060347	0
2.0294	0.49403	-0.045232	0
1.1576	0.39581	-0.082771	0
1.7485	0.45945	0.017653	0
0.34569	0.3097	-0.0093285	0
1.6047	0.44322	-0.015923	0
1.7671	0.46161	-0.086014	0
1.3343	0.41419	-0.054591	0
1.3063	0.41125	0.053473	0
1.3268	0.4134	0.066588	0
1.6333	0.4464	0.034259	0
1.3732	0.41828	-0.027052	0
-0.01553	0.26486	0.094656	0
0.57562	0.33515	0.094243	0
1.9596	0.48497	0.017496	0
1.3082	0.41145	-0.0037985	0
1.2206	0.40232	-0.022865	0
0.6936	0.34771	-0.065755	0
1.8272	0.46869	-0.069669	0
1.6711	0.45063	-0.062131	0
0.42795	0.31899	0.063015	0
1.4659	0.42813	-0.053067	0
1.1772	0.39782	0.092355	0
0.31172	0.3058	0.032767	0
0.24268	0.2977	-0.053243	0
1.3155	0.41221	0.018333	0
1.3328	0.41403	0.03947	0
0.38215	0.31385	0.033305	0
0.61466	0.33934	0.081499	0
0.086074	0.27838	0.047434	0
0.12984	0.28394	-0.046841	0
0.60203	0.33799	0.027996	0
0.66314	0.3445	-0.055936	0
1.1205	0.39197	0.0060556	0
0.52728	0.32992	-0.0028752	0
0.71347	0.34981	-0.048377	0
