"f_1113-0"	"Points:0"	"Points:1"	"Points:2"
-2.3469	-0.5	-0.1	0
-0.16062	-0.25	-0.1	0
-2.2673	0.25	-0.1	0
-2.3469	0.5	-0.1	0
-2.3469	0.5	0.1	0
-2.2673	0.25	0.1	0
-0.16062	-0.25	0.1	0
-2.3469	-0.5	0.1	0
-2.2801	-0.49	-0.1	0
-2.2091	-0.48	-0.1	0
-2.1343	-0.47	-0.1	0
-2.0558	-0.46	-0.1	0
-1.974	-0.45	-0.1	0
-1.8892	-0.44	-0.1	0
-1.8016	-0.43	-0.1	0
-1.7117	-0.42	-0.1	0
-1.6197	-0.41	-0.1	0
-1.526	-0.4	-0.1	0
-1.4309	-0.39	-0.1	0
-1.3349	-0.38	-0.1	0
-1.2383	-0.37	-0.1	0
-1.1413	-0.36	-0.1	0
-1.0445	-0.35	-0.1	0
-0.94818	-0.34	-0.1	0
-0.85267	-0.33	-0.1	0
-0.75835	-0.32	-0.1	0
-0.66564	-0.31	-0.1	0
-0.5748	-0.3	-0.1	0
-0.48619	-0.29	-0.1	0
-0.40013	-0.28	-0.1	0
-0.31704	-0.27	-0.1	0
-0.23714	-0.26	-0.1	0
-0.088069	-0.24	-0.1	0
-0.019845	-0.23	-0.1	0
0.043912	-0.22	-0.1	0
0.10249	-0.21	-0.1	0
0.15592	-0.2	-0.1	0
0.2039	-0.19	-0.1	0
0.24625	-0.18	-0.1	0
0.28299	-0.17	-0.1	0
0.31385	-0.16	-0.1	0
0.3387	-0.15	-0.1	0
0.35721	-0.14	-0.1	0
0.36956	-0.13	-0.1	0
0.37571	-0.12	-0.1	0
0.37567	-0.11	-0.1	0
0.3694	-0.1	-0.1	0
0.35674	-0.09	-0.1	0
0.33778	-0.08	-0.1	0
0.31281	-0.07	-0.1	0
0.28184	-0.06	-0.1	0
0.24482	-0.05	-0.1	0
0.20222	-0.04	-0.1	0
0.15389	-0.03	-0.1	0
0.10012	-0.02	-0.1	0
0.041206	-0.01	-0.1	0
-0.022694	-6.8806e-13	-0.1	0
-0.091234	0.01	-0.1	0
-0.1643	0.02	-0.1	0
-0.24139	0.03	-0.1	0
-0.32235	0.04	-0.1	0
-0.40686	0.05	-0.1	0
-0.49458	0.06	-0.1	0
-0.58517	0.07	-0.1	0
-0.67817	0.08	-0.1	0
-0.7733	0.09	-0.1	0
-0.87017	0.1	-0.1	0
-0.9684	0.11	-0.1	0
-1.0676	0.12	-0.1	0
-1.1673	0.13	-0.1	0
-1.2673	0.14	-0.1	0
-1.367	0.15	-0.1	0
-1.466	0.16	-0.1	0
-1.5641	0.17	-0.1	0
-1.6608	0.18	-0.1	0
-1.7557	0.19	-0.1	0
-1.8484	0.2	-0.1	0
-1.9386	0.21	-0.1	0
-2.026	0.22	-0.1	0
-2.1098	0.23	-0.1	0
-2.1906	0.24	-0.1	0
-2.3342	0.26	-0.1	0
-2.397	0.27	-0.1	0
-2.4553	0.28	-0.1	0
-2.5088	0.29	-0.1	0
-2.5573	0.3	-0.1	0
-2.6007	0.31	-0.1	0
-2.6386	0.32	-0.1	0
-2.6712	0.33	-0.1	0
-2.6982	0.34	-0.1	0
-2.7193	0.35	-0.1	0
-2.7347	0.36	-0.1	0
-2.7442	0.37	-0.1	0
-2.748	0.38	-0.1	0
-2.7457	0.39	-0.1	0
-2.7374	0.4	-0.1	0
-2.7233	0.41	-0.1	0
-2.7034	0.42	-0.1	0
-2.6777	0.43	-0.1	0
-2.6463	0.44	-0.1	0
-2.6093	0.45	-0.1	0
-2.5669	0.46	-0.1	0
-2.5193	0.47	-0.1	0
-2.4666	0.48	-0.1	0
-2.409	0.49	-0.1	0
-2.3466	0.5	-0.09	0
-2.3467	0.5	-0.08	0
-2.3469	0.5	-0.07	0
-2.3467	0.5	-0.06	0
-2.3467	0.5	-0.05	0
-2.3468	0.5	-0.04	0
-2.3467	0.5	-0.03	0
-2.3468	0.5	-0.02	0
-2.3467	0.5	-0.01	0
-2.3468	0.5	-2.6559e-13	0
-2.3467	0.5	0.01	0
-2.3467	0.5	0.02	0
-2.3467	0.5	0.03	0
-2.3469	0.5	0.04	0
-2.3468	0.5	0.05	0
-2.3469	0.5	0.06	0
-2.3467	0.5	0.07	0
-2.3467	0.5	0.08	0
-2.3467	0.5	0.09	0
-2.409	0.49	0.1	0
-2.4666	0.48	0.1	0
-2.5193	0.47	0.1	0
-2.5669	0.46	0.1	0
-2.6093	0.45	0.1	0
-2.6463	0.44	0.1	0
-2.6777	0.43	0.1	0
-2.7034	0.42	0.1	0
-2.7233	0.41	0.1	0
-2.7374	0.4	0.1	0
-2.7457	0.39	0.1	0
-2.748	0.38	0.1	0
-2.7442	0.37	0.1	0
-2.7347	0.36	0.1	0
-2.7193	0.35	0.1	0
-2.6982	0.34	0.1	0
-2.6712	0.33	0.1	0
-2.6386	0.32	0.1	0
-2.6007	0.31	0.1	0
-2.5573	0.3	0.1	0
-2.5088	0.29	0.1	0
-2.4553	0.28	0.1	0
-2.397	0.27	0.1	0
-2.3342	0.26	0.1	0
-2.1906	0.24	0.1	0
-2.1098	0.23	0.1	0
-2.026	0.22	0.1	0
-1.9386	0.21	0.1	0
-1.8484	0.2	0.1	0
-1.7557	0.19	0.1	0
-1.6608	0.18	0.1	0
-1.5641	0.17	0.1	0
-1.466	0.16	0.1	0
-1.367	0.15	0.1	0
-1.2673	0.14	0.1	0
-1.1673	0.13	0.1	0
-1.0676	0.12	0.1	0
-0.9684	0.11	0.1	0
-0.87017	0.1	0.1	0
-0.7733	0.09	0.1	0
-0.67817	0.08	0.1	0
-0.58517	0.07	0.1	0
-0.49458	0.06	0.1	0
-0.40686	0.05	0.1	0
-0.32235	0.04	0.1	0
-0.24139	0.03	0.1	0
-0.1643	0.02	0.1	0
-0.091234	0.01	0.1	0
-0.022694	6.8806e-13	0.1	0
0.041206	-0.01	0.1	0
0.10012	-0.02	0.1	0
0.15389	-0.03	0.1	0
0.20222	-0.04	0.1	0
0.24482	-0.05	0.1	0
0.28184	-0.06	0.1	0
0.31281	-0.07	0.1	0
0.33778	-0.08	0.1	0
0.35674	-0.09	0.1	0
0.3694	-0.1	0.1	0
0.37567	-0.11	0.1	0
0.37571	-0.12	0.1	0
0.36956	-0.13	0.1	0
0.35721	-0.14	0.1	0
0.3387	-0.15	0.1	0
0.31385	-0.16	0.1	0
0.28299	-0.17	0.1	0
0.24625	-0.18	0.1	0
0.2039	-0.19	0.1	0
0.15592	-0.2	0.1	0
0.10249	-0.21	0.1	0
0.043912	-0.22	0.1	0
-0.019845	-0.23	0.1	0
-0.088069	-0.24	0.1	0
-0.23714	-0.26	0.1	0
-0.31704	-0.27	0.1	0
-0.40013	-0.28	0.1	0
-0.48619	-0.29	0.1	0
-0.5748	-0.3	0.1	0
-0.66564	-0.31	0.1	0
-0.75835	-0.32	0.1	0
-0.85267	-0.33	0.1	0
-0.94818	-0.34	0.1	0
-1.0445	-0.35	0.1	0
-1.1413	-0.36	0.1	0
-1.2383	-0.37	0.1	0
-1.3349	-0.38	0.1	0
-1.4309	-0.39	0.1	0
-1.526	-0.4	0.1	0
-1.6197	-0.41	0.1	0
-1.7117	-0.42	0.1	0
-1.8016	-0.43	0.1	0
-1.8892	-0.44	0.1	0
-1.974	-0.45	0.1	0
-2.0558	-0.46	0.1	0
-2.1343	-0.47	0.1	0
-2.2091	-0.48	0.1	0
-2.2801	-0.49	0.1	0
-2.3467	-0.5	0.09	0
-2.3467	-0.5	0.08	0
-2.3467	-0.5	0.07	0
-2.3469	-0.5	0.06	0
-2.3468	-0.5	0.05	0
-2.3469	-0.5	0.04	0
-2.3467	-0.5	0.03	0
-2.3467	-0.5	0.02	0
-2.3467	-0.5	0.01	0
-2.3468	-0.5	2.6559e-13	0
-2.3467	-0.5	-0.01	0
-2.3468	-0.5	-0.02	0
-2.3467	-0.5	-0.03	0
-2.3468	-0.5	-0.04	0
-2.3467	-0.5	-0.05	0
-2.3467	-0.5	-0.06	0
-2.3469	-0.5	-0.07	0
-2.3467	-0.5	-0.08	0
-2.3466	-0.5	-0.09	0
-0.16077	-0.25	0.09	0
-0.16095	-0.25	0.08	0
-0.16057	-0.25	0.07	0
-0.16071	-0.25	0.06	0
-0.1605	-0.25	0.05	0
-0.16081	-0.25	0.04	0
-0.16086	-0.25	0.03	0
-0.1608	-0.25	0.02	0
-0.16057	-0.25	0.01	0
-0.16085	-0.25	2.6559e-13	0
-0.1608	-0.25	-0.01	0
-0.16063	-0.25	-0.02	0
-0.16085	-0.25	-0.03	0
-0.16075	-0.25	-0.04	0
-0.1606	-0.25	-0.05	0
-0.16068	-0.25	-0.06	0
-0.16068	-0.25	-0.07	0
-0.16085	-0.25	-0.08	0
-0.1608	-0.25	-0.09	0
-2.2672	0.25	0.09	0
-2.267	0.25	0.08	0
-2.2673	0.25	0.07	0
-2.2673	0.25	0.06	0
-2.2673	0.25	0.05	0
-2.2671	0.25	0.04	0
-2.267	0.25	0.03	0
-2.2671	0.25	0.02	0
-2.2673	0.25	0.01	0
-2.2671	0.25	2.6559e-13	0
-2.2671	0.25	-0.01	0
-2.2674	0.25	-0.02	0
-2.267	0.25	-0.03	0
-2.2671	0.25	-0.04	0
-2.2673	0.25	-0.05	0
-2.2673	0.25	-0.06	0
-2.2674	0.25	-0.07	0
-2.267	0.25	-0.08	0
-2.2672	0.25	-0.09	0
-1.383	-0.385	-2.0817e-17	0
-0.77479	-0.32175	0.030076	0
-0.8547	-0.33021	-0.03499	0
-1.8605	-0.43669	0.036694	0
-1.846	-0.43503	-0.035604	0
-1.2386	-0.37003	0.049478	0
-1.3142	-0.37785	-0.049604	0
-0.52959	-0.29492	-0.0076492	0
-0.51297	-0.29305	-0.056948	0
-2.0427	-0.45837	-0.0012153	0
-0.49844	-0.29139	0.058605	0
-1.581	-0.40586	0.062681	0
-1.0057	-0.34598	-6.7803e-06	0
-2.0924	-0.46462	0.061002	0
-2.0877	-0.46401	-0.063219	0
-0.89877	-0.33483	0.063638	0
-1.7241	-0.42136	0.003541	0
-1.6383	-0.41201	-0.063567	0
-1.0169	-0.34714	-0.065353	0
-0.43924	-0.28458	0.024955	0
-1.5602	-0.40363	-0.029576	0
-1.5336	-0.4008	0.029124	0
-2.1224	-0.46845	0.030124	0
-2.1193	-0.46805	-0.030109	0
-1.1317	-0.35901	-0.026837	0
-1.835	-0.43377	0.070492	0
-0.74337	-0.31839	-0.07132	0
-0.38866	-0.27863	-0.031587	0
-1.0318	-0.34868	0.027717	0
-1.3552	-0.38211	0.072725	0
-1.8684	-0.4376	-0.073793	0
-0.75497	-0.31963	0.0025951	0
-1.4124	-0.38807	-0.073966	0
-1.2793	-0.37424	0.023501	0
-0.61739	-0.30472	-0.031175	0
-0.68526	-0.31213	0.074854	0
-0.36065	-0.27528	-0.073361	0
-1.1139	-0.35717	0.075386	0
-0.35168	-0.27422	0.07514	0
-0.35653	-0.27479	0.004924	0
-1.8712	-0.43792	-0.014188	0
-0.69705	-0.31341	0.049858	0
-0.33974	-0.27277	0.045439	0
-1.3507	-0.38164	-0.022746	0
-1.1885	-0.36486	-0.078753	0
-1.8965	-0.44086	0.014626	0
-2.1897	-0.47737	0.010852	0
-0.559	-0.29823	-0.078284	0
-0.3354	-0.27225	-0.051342	0
-2.1957	-0.47818	0.078117	0
-2.1963	-0.47827	-0.078241	0
-2.1945	-0.47797	-0.011227	0
-0.59466	-0.30221	0.019628	0
-0.72363	-0.31627	-0.049725	0
-1.4397	-0.39092	0.047146	0
-2.197	-0.47834	0.047721	0
-2.1998	-0.47875	-0.048669	0
-1.6936	-0.41802	0.039271	0
-1.6683	-0.41526	0.080487	0
-1.0345	-0.34897	-0.045621	0
-0.86335	-0.33113	-0.015208	0
-1.1755	-0.36352	-0.0053262	0
-1.5155	-0.39888	-0.047258	0
-1.5644	-0.40408	-0.0074599	0
-1.9919	-0.45215	0.07884	0
-0.91174	-0.33619	0.041007	0
-1.6979	-0.41848	-0.046997	0
-1.7649	-0.42589	0.025674	0
-0.60743	-0.30363	0.037827	0
-2.013	-0.45471	0.04495	0
-2.0097	-0.4543	-0.045729	0
-0.90437	-0.33543	-0.080225	0
-1.9958	-0.45263	-0.080643	0
-0.49908	-0.29149	0.082065	0
-0.89451	-0.33439	0.015223	0
-0.29752	-0.2676	-0.014953	0
-1.6928	-0.41793	-0.08286	0
-1.7139	-0.42024	-0.027206	0
-0.8494	-0.32966	0.080904	0
-1.0493	-0.3505	0.054274	0
-0.68771	-0.3124	-0.013656	0
-1.8421	-0.43458	-0.052184	0
-1.5126	-0.39858	0.08125	0
-0.88997	-0.33392	-0.051634	0
-1.569	-0.40457	0.01083	0
-1.1232	-0.35813	0.012641	0
-2.0111	-0.45447	-0.017407	0
-1.18	-0.36399	-0.060587	0
-1.8068	-0.43058	0.052722	0
-0.29527	-0.26733	0.019452	0
-1.5475	-0.40228	-0.08281	0
-1.9737	-0.44997	0.02797	0
-0.29035	-0.2667	0.060894	0
-1.9412	-0.44609	0.059164	0
-2.2377	-0.48397	0.025503	0
-1.419	-0.38875	0.016778	0
-0.48297	-0.28962	0.0074536	0
-2.2378	-0.48398	-0.026816	0
-2.0546	-0.45985	0.015275	0
-0.50059	-0.29164	-0.040587	0
-1.0467	-0.35022	-0.083661	0
-1.0246	-0.34794	-0.015152	0
-1.1785	-0.36384	-0.043002	0
-1.2377	-0.36995	0.082644	0
-2.2378	-0.48397	0.063235	0
-2.2375	-0.48392	-0.063254	0
-1.2116	-0.36725	0.065106	0
-0.50089	-0.29167	-0.02264	0
-0.99694	-0.34507	0.085223	0
-1.415	-0.38834	-0.037443	0
-1.1713	-0.36309	0.034134	0
-0.68303	-0.31189	-0.084757	0
-1.9547	-0.4477	-0.061303	0
-0.27727	-0.26508	-0.037945	0
-1.844	-0.4348	0.085228	0
-0.46517	-0.28757	0.044061	0
-0.27175	-0.26438	-0.085617	0
-1.7147	-0.42034	0.064198	0
-0.96866	-0.34213	-0.027903	0
-1.3939	-0.38614	0.03024	0
-0.4422	-0.28493	-0.085595	0
-0.26559	-0.2636	-0.064511	0
-2.0994	-0.4655	0.085833	0
-1.4441	-0.39139	0.062276	0
-1.3179	-0.37824	-0.085196	0
-1.2688	-0.37316	0.0087693	0
-1.4259	-0.38947	-0.059302	0
-0.63638	-0.3068	-0.062137	0
-1.9748	-0.45011	-0.03121	0
-1.917	-0.44324	0.00040501	0
-0.26793	-0.2639	0.086102	0
-0.26774	-0.26387	0.033787	0
-1.6938	-0.41804	-0.010896	0
-0.62339	-0.30538	0.0018552	0
-1.8512	-0.43562	-0.085527	0
-0.76831	-0.32106	0.064793	0
-1.371	-0.38375	0.086496	0
-0.7415	-0.31819	-0.028349	0
-0.41127	-0.2813	-0.0073808	0
-1.306	-0.377	-0.06502	0
-1.4395	-0.3909	-0.012998	0
-0.6206	-0.30507	0.062534	0
-0.89635	-0.33458	0.029381	0
-0.60621	-0.30349	0.086564	0
-1.5456	-0.40208	0.046941	0
-1.7739	-0.4269	-0.065691	0
-0.87431	-0.33227	-0.06941	0
-0.73112	-0.31708	0.012824	0
-0.46367	-0.28741	-0.067331	0
-2.2591	-0.48697	-0.00021165	0
-0.89595	-0.33454	-0.00067054	0
-2.1163	-0.46768	-0.08667	0
-1.3214	-0.3786	0.056929	0
-0.40609	-0.2807	0.087655	0
-2.2588	-0.48693	0.038342	0
-1.2744	-0.37374	-0.0334	0
-1.5325	-0.40069	-0.07031	0
-0.25996	-0.2629	-0.0059158	0
-0.37713	-0.27727	0.06431	0
-2.1341	-0.46997	-0.0012053	0
-0.582	-0.3008	0.04826	0
-1.066	-0.35222	0.04218	0
-0.79494	-0.3239	-0.086846	0
-1.0272	-0.34821	0.066221	0
-0.76289	-0.32048	0.042907	0
-2.2546	-0.48636	0.087855	0
-2.2564	-0.48661	-0.087979	0
-2.2611	-0.48726	-0.039155	0
-2.1137	-0.46732	0.043009	0
-2.0877	-0.46401	-0.051353	0
-0.26318	-0.26331	-0.026482	0
-1.2319	-0.36934	-0.019383	0
-0.59846	-0.30262	-0.047567	0
-1.4416	-0.39112	-0.087381	0
-0.7397	-0.318	0.087562	0
-1.0898	-0.35468	0.08809	0
-1.0075	-0.34616	0.013487	0
-1.3176	-0.37821	-0.010688	0
-1.9404	-0.446	0.048815	0
-1.2662	-0.37288	0.039196	0
-2.1175	-0.4678	-0.017818	0
-0.25141	-0.26184	0.073833	0
-0.82843	-0.32744	0.053381	0
-0.2526	-0.26197	0.0093266	0
-1.8479	-0.43526	0.02519	0
-1.7926	-0.42899	0.012902	0
-2.105	-0.46623	-0.072891	0
-1.6304	-0.41116	0.030349	0
-0.38629	-0.27836	-0.065404	0
-1.8541	-0.43596	-0.024074	0
-1.8159	-0.4316	-0.0029044	0
-0.42984	-0.2835	-0.049542	0
-1.6075	-0.40869	-0.040101	0
-0.6541	-0.30874	0.0275	0
-1.5681	-0.40447	0.072792	0
-2.2791	-0.48987	0.014283	0
-1.9138	-0.44286	-0.047017	0
-1.7585	-0.42517	0.089939	0
-1.5923	-0.40706	0.088391	0
-0.76694	-0.32091	-0.058464	0
-0.38081	-0.27771	0.015962	0
-2.1133	-0.46729	0.073172	0
-0.34598	-0.27352	0.034696	0
-1.4886	-0.39605	0.0017678	0
-0.26453	-0.2635	0.049936	0
-0.51829	-0.29365	0.025084	0
-0.93378	-0.3385	0.07306	0
-1.7577	-0.4251	0.03475	0
-1.0637	-0.35198	-0.0547	0
-1.9296	-0.44471	-0.090196	0
-0.41871	-0.28218	-0.022791	0
-1.1209	-0.35789	0.0015923	0
-1.9966	-0.45273	0.010407	0
-1.1898	-0.365	-0.089474	0
-1.6235	-0.4104	-0.055004	0
-2.2955	-0.49227	0.074772	0
-2.2952	-0.49221	-0.074799	0
-0.53731	-0.29581	0.068276	0
-0.58254	-0.30088	-0.016505	0
-2.2793	-0.48987	-0.014643	0
-1.4466	-0.39164	-0.027955	0
-0.76333	-0.32053	-0.038375	0
-1.7676	-0.42619	-0.034816	0
-1.6583	-0.41417	0.01312	0
-2.1658	-0.47415	0.061277	0
-2.1648	-0.47401	-0.057351	0
-1.6652	-0.41493	0.054067	0
-1.6184	-0.40986	-0.015368	0
-1.1216	-0.35796	-0.069817	0
-0.67862	-0.31141	0.040845	0
-1.9256	-0.44425	0.089373	0
-1.7145	-0.42031	-0.055083	0
-2.2742	-0.48913	0.053249	0
-2.2829	-0.49041	-0.054632	0
-0.24258	-0.26072	-0.054947	0
-0.52626	-0.29456	-0.088898	0
-1.9959	-0.45264	0.068656	0
-2.1816	-0.47625	0.08904	0
-1.6387	-0.41206	-0.089965	0
-1.6161	-0.40961	-0.074015	0
-0.95136	-0.34033	-0.044347	0
-2.169	-0.47457	0.020358	0
-0.35384	-0.27448	-0.089879	0
-0.77604	-0.32189	-0.0082888	0
-0.42215	-0.28259	0.052967	0
-2.1842	-0.47659	-0.038697	0
-1.5316	-0.4006	-0.058854	0
-0.2367	-0.25996	-0.074434	0
-1.1422	-0.36009	-0.016999	0
-0.91337	-0.33637	0.053225	0
-0.89803	-0.33476	-0.024913	0
-1.6229	-0.41035	0.0018871	0
-0.6469	-0.30796	-0.073374	0
-1.9562	-0.44786	-0.071041	0
-0.43988	-0.28467	0.073135	0
-1.9821	-0.45096	-0.0066614	0
-1.7658	-0.42599	0.077829	0
-0.35278	-0.27435	-0.041288	0
-1.9307	-0.44485	-0.021036	0
-1.1284	-0.35867	0.024139	0
-1.6504	-0.41332	-0.031499	0
-1.4914	-0.39634	0.038981	0
-1.4489	-0.39188	0.072415	0
-0.89796	-0.33476	0.090345	0
-1.115	-0.35728	0.06284	0
-2.1902	-0.47741	0.037751	0
-1.7604	-0.42538	-0.090521	0
-1.5941	-0.40725	0.02112	0
-0.96632	-0.34189	-0.089469	0
-1.7825	-0.42785	-0.043241	0
-0.99041	-0.34439	-0.075832	0
-2.0641	-0.46104	0.052544	0
-2.0947	-0.4649	-0.040908	0
-1.7761	-0.42713	-0.015578	0
-0.554	-0.29769	-0.067495	0
-2.0463	-0.4588	0.035285	0
-1.9441	-0.44642	0.038093	0
-1.1037	-0.35612	-0.036696	0
-0.95014	-0.3402	-0.0090624	0
-1.9036	-0.44167	0.077538	0
-2.0297	-0.45675	0.089557	0
-0.49237	-0.29072	0.034426	0
-0.97844	-0.34315	-0.053581	0
-0.53714	-0.29578	0.09208	0
-1.4147	-0.3883	-0.048324	0
-1.5036	-0.39763	-0.036484	0
-2.023	-0.45595	-0.055571	0
-0.65938	-0.30932	-0.041745	0
-0.77186	-0.32144	0.073372	0
-2.0696	-0.46173	-0.009386	0
-2.1838	-0.47655	-0.089145	0
-1.521	-0.39947	-0.018044	0
-1.2852	-0.37485	-0.0021699	0
-0.97556	-0.34285	0.0365	0
-1.3039	-0.37679	-0.075525	0
-1.1947	-0.3655	0.074408	0
-0.80546	-0.32501	-0.049016	0
-1.0745	-0.3531	-0.0072963	0
-0.68964	-0.31261	-0.0039331	0
-0.75874	-0.32004	-0.019385	0
-0.22961	-0.25904	0.025904	0
-1.2267	-0.36881	-0.051121	0
-0.81092	-0.32559	-0.076712	0
-0.22171	-0.25803	-0.01524	0
-1.3306	-0.37955	0.046948	0
-0.81098	-0.32559	0.010312	0
-0.81163	-0.32567	0.020724	0
-1.8601	-0.43665	0.060923	0
-2.1672	-0.47432	-0.069499	0
-2.1736	-0.47519	0.070664	0
-2.0362	-0.45756	-0.090348	0
-1.5099	-0.3983	0.019076	0
-1.4628	-0.39333	0.090052	0
-1.852	-0.43572	0.0075542	0
-1.1309	-0.35892	0.048403	0
-2.0451	-0.45867	-0.026676	0
-0.59722	-0.3025	0.077037	0
-1.7904	-0.42873	0.041153	0
-0.94961	-0.34014	0.0068156	0
-2.1274	-0.4691	0.010156	0
-1.7863	-0.42827	-0.07914	0
-0.96152	-0.34139	0.022531	0
-0.53791	-0.29587	-0.031257	0
-0.33357	-0.27202	0.091443	0
-0.4246	-0.28288	0.0011135	0
-0.48416	-0.28978	0.015754	0
-1.8617	-0.43681	-0.063674	0
-1.5018	-0.39744	0.05626	0
-0.62237	-0.30527	-0.091675	0
-0.34279	-0.27314	-0.023782	0
-0.2232	-0.25821	-0.044898	0
-0.22536	-0.25849	0.065048	0
-1.2951	-0.37587	0.090819	0
-2.0402	-0.45806	-0.07155	0
-2.046	-0.45878	0.024765	0
-1.5875	-0.40655	0.038735	0
-0.33944	-0.27274	-0.0049927	0
-2.1843	-0.47662	-0.021374	0
-1.3211	-0.37857	0.014561	0
-1.9164	-0.44317	0.068263	0
-1.2299	-0.36914	-0.067847	0
-1.218	-0.36791	0.016363	0
-1.1792	-0.3639	0.091179	0
-1.9725	-0.44981	0.017538	0
-0.66341	-0.30976	-0.023856	0
-0.46681	-0.28778	-0.01362	0
-1.9197	-0.44357	-0.080101	0
-1.8967	-0.44087	0.029928	0
-0.5623	-0.2986	0.0093555	0
-0.65084	-0.30839	0.010719	0
-0.60825	-0.30371	-0.0071365	0
-1.1015	-0.35589	-0.091749	0
-0.92831	-0.33793	-0.061675	0
-0.8799	-0.33286	-0.091471	0
-0.9854	-0.34387	0.045533	0
-1.4427	-0.39123	0.024861	0
-0.22578	-0.25853	0.041481	0
-1.6644	-0.41482	0.071225	0
-1.1938	-0.36541	-0.034231	0
-1.0198	-0.34744	0.076075	0
-1.6686	-0.41529	0.092142	0
-0.81289	-0.3258	0.09125	0
-0.36335	-0.27561	0.025763	0
-1.5684	-0.40452	-0.091593	0
-1.5107	-0.39839	0.065835	0
-1.178	-0.36378	0.056343	0
-1.7198	-0.42089	0.048634	0
-1.113	-0.35707	-0.047249	0
-1.9979	-0.45289	0.053476	0
-0.84564	-0.32926	0.069958	0
-0.83561	-0.3282	0.036213	0
-2.2918	-0.49172	-0.024017	0
-1.0476	-0.35032	-0.025502	0
-2.2954	-0.49228	0.045412	0
-1.2592	-0.37217	-0.042363	0
-2.2881	-0.49119	0.030601	0
-1.711	-0.41992	-0.071723	0
-1.9342	-0.44525	-0.038563	0
-0.47917	-0.28919	-0.078071	0
-0.57693	-0.30024	-0.039368	0
-1.4739	-0.39451	-0.078871	0
-1.4863	-0.39581	0.010607	0
-2.2953	-0.49227	0.0062087	0
-0.21907	-0.25767	0.016937	0
-0.33812	-0.27257	0.054709	0
-1.2002	-0.36608	0.0046806	0
-1.2978	-0.37615	0.065068	0
-0.21342	-0.25694	-0.034054	0
-0.43543	-0.28413	-0.058804	0
-0.72118	-0.31601	-0.093038	0
-1.3724	-0.38389	-0.092222	0
-1.4037	-0.38716	0.0079701	0
-2.2963	-0.49238	0.065142	0
-2.2953	-0.49222	-0.065334	0
-0.42597	-0.28303	-0.038507	0
-1.0568	-0.35127	0.020028	0
-1.2765	-0.37395	-0.09192	0
-0.52575	-0.2945	0.0012238	0
-1.2686	-0.37314	-0.058475	0
-2.2938	-0.49204	-0.0067947	0
-1.9169	-0.44323	-0.029277	0
-1.3625	-0.38287	0.023441	0
-1.317	-0.37814	0.080654	0
-2.1293	-0.46937	-0.0099091	0
-0.30584	-0.26862	0.068787	0
-0.31932	-0.27027	0.011451	0
-0.22437	-0.25836	-0.09164	0
-2.0625	-0.46084	0.079232	0
-1.1131	-0.35708	-0.078297	0
-1.7864	-0.42829	0.062175	0
-2.2979	-0.49264	-0.045995	0
-0.95856	-0.34108	-0.019623	0
-0.69426	-0.31311	0.059462	0
-2.1429	-0.47112	0.053633	0
-2.0288	-0.45664	-0.03628	0
-0.81917	-0.32646	-0.027214	0
-1.4578	-0.39281	-0.067273	0
-1.0041	-0.34581	0.093191	0
-2.1856	-0.47682	0.029014	0
-2.2918	-0.49172	0.022469	0
-1.1475	-0.36064	0.082228	0
-0.40255	-0.28028	0.040952	0
-0.46162	-0.28717	-0.031228	0
-1.908	-0.4422	-0.055197	0
-0.22198	-0.25804	0.091956	0
-1.3995	-0.38672	0.055091	0
-1.2451	-0.37071	0.030951	0
-0.69665	-0.31336	-0.057901	0
-2.1994	-0.47866	0.0011184	0
-2.188	-0.47714	-0.030007	0
-1.4209	-0.38895	0.080113	0
-0.58002	-0.30058	-0.025087	0
-0.5304	-0.29503	-0.048517	0
-1.3871	-0.38542	0.037821	0
-0.45449	-0.28635	0.063459	0
-1.7386	-0.42297	-0.0050812	0
-0.7367	-0.31768	-0.078932	0
-2.1468	-0.47165	-0.047396	0
-1.3553	-0.38211	-0.031068	0
-0.50809	-0.2925	0.050542	0
-0.53066	-0.29504	0.043023	0
-0.93188	-0.3383	-0.03567	0
-2.2254	-0.48224	0.017411	0
-0.58508	-0.30114	-0.056322	0
-1.4799	-0.39514	-0.0066127	0
-0.21761	-0.25748	0.056943	0
-1.0921	-0.35491	0.034178	0
-0.2857	-0.26612	-0.046084	0
-1.845	-0.43492	0.093281	0
-0.60919	-0.30381	-0.083643	0
-0.30643	-0.26869	-0.078508	0
-1.2837	-0.37469	-0.025247	0
-2.2973	-0.49254	-0.033062	0
-1.054	-0.35098	0.0065463	0
-1.3433	-0.38087	-0.041586	0
-2.0561	-0.46003	0.0077019	0
-0.37814	-0.27738	-0.081031	0
-0.46529	-0.28759	0.09236	0
-0.68838	-0.31246	-0.033214	0
-1.7572	-0.42504	0.069367	0
-1.1727	-0.36324	0.041891	0
-2.2228	-0.48191	-0.055113	0
-2.2112	-0.48029	0.056029	0
-0.67899	-0.31145	0.092145	0
-0.2211	-0.25794	0.080796	0
-2.0975	-0.46525	0.093461	0
-1.3878	-0.3855	-0.082015	0
-0.67965	-0.31153	0.08322	0
-0.44236	-0.28495	-0.093581	0
-1.3801	-0.3847	-0.06662	0
-1.2494	-0.37115	-0.084107	0
-1.6857	-0.41716	-0.018465	0
-0.20861	-0.25631	-0.064942	0
-0.94276	-0.33943	-0.070499	0
-2.2404	-0.48434	-0.071963	0
-1.5967	-0.40753	0.080075	0
-0.32446	-0.2709	-0.032216	0
-1.3547	-0.38205	-0.056669	0
-1.322	-0.37866	0.030692	0
-0.21986	-0.25777	0.0018538	0
-0.75786	-0.31994	0.055728	0
-0.92839	-0.33793	0.081633	0
-0.3115	-0.26932	-0.069353	0
-0.31722	-0.27002	-0.059903	0
-2.014	-0.45484	-0.064297	0
-0.2104	-0.25654	-0.084338	0
-0.28253	-0.26572	-0.09335	0
-1.9622	-0.4486	-0.052963	0
-0.56624	-0.29904	0.056981	0
-2.1061	-0.46636	-0.093233	0
-1.3758	-0.38425	0.065184	0
-1.5031	-0.39758	-0.092357	0
-0.32783	-0.27132	0.082823	0
-1.4201	-0.38887	-0.019951	0
-0.72371	-0.31628	0.023773	0
-0.63358	-0.3065	0.053965	0
-1.1499	-0.36089	0.069117	0
-1.6483	-0.41309	-0.0058345	0
-2.0261	-0.45633	0.060842	0
-1.383	-0.385	0.094116	0
-1.2074	-0.36682	0.025429	0
-2.296	-0.49233	0.092372	0
-2.2962	-0.49238	-0.092393	0
-0.96439	-0.34168	0.062084	0
-0.62259	-0.30529	0.069922	0
-1.8374	-0.43406	0.077772	0
-0.27513	-0.26479	0.0939	0
-2.2416	-0.48452	0.072097	0
-0.70063	-0.3138	0.033599	0
-1.0943	-0.35514	-0.062161	0
-0.20833	-0.25627	0.034346	0
-2.1424	-0.47107	0.080643	0
-0.64967	-0.30825	-0.052566	0
-0.47129	-0.28828	-0.0052625	0
-1.3831	-0.38501	-0.0077228	0
-2.2985	-0.49272	-0.084303	0
-2.2983	-0.49268	0.084275	0
-2.0613	-0.46069	0.070209	0
-1.7242	-0.42138	0.057211	0
-1.6548	-0.4138	0.06079	0
-1.0062	-0.34603	-0.035956	0
-1.909	-0.4423	-0.0073133	0
-0.69855	-0.31357	0.067359	0
-1.8464	-0.43507	-0.093779	0
-2.2418	-0.48454	0.0076377	0
-0.29953	-0.26783	0.027368	0
-1.9846	-0.45127	0.0028598	0
-1.9371	-0.44561	0.0088983	0
-0.82906	-0.32751	0.060902	0
-0.2886	-0.26648	0.04084	0
-1.9413	-0.4461	-0.013321	0
-1.6339	-0.41153	0.046894	0
-1.2495	-0.37116	0.058585	0
-1.7778	-0.42732	-0.058551	0
-1.0317	-0.34868	-0.09263	0
-1.4574	-0.39277	0.032087	0
-2.0737	-0.46224	-0.0804	0
-0.64325	-0.30755	0.046694	0
-1.2735	-0.37364	0.072333	0
-2.245	-0.485	0.094469	0
-2.245	-0.485	-0.094469	0
-0.70191	-0.31393	-0.065379	0
-0.41951	-0.28227	-0.075022	0
-0.84416	-0.3291	-0.059453	0
-0.79834	-0.32425	-0.066588	0
-1.1529	-0.36119	-0.05344	0
-0.85256	-0.32999	-0.042416	0
-1.4745	-0.39457	-0.053793	0
-1.2422	-0.37041	-0.012038	0
-1.4648	-0.39355	-0.042386	0
-1.8791	-0.43883	0.05321	0
-1.7905	-0.42876	-0.02779	0
-0.40472	-0.28054	0.079544	0
-2.1044	-0.46615	0.020135	0
-0.20167	-0.2554	-0.005	0
-2.245	-0.48499	-0.0066815	0
-0.42163	-0.28252	0.0087389	0
-1.9101	-0.44244	0.021833	0
-0.77321	-0.32158	0.081155	0
-0.84697	-0.32939	0.045573	0
-2.144	-0.47128	-0.080296	0
-0.61473	-0.30442	0.094167	0
-0.87231	-0.33206	0.0060765	0
-2.2473	-0.48532	0.045471	0
-1.0735	-0.353	0.0814	0
-1.6185	-0.40988	-0.082842	0
-0.85342	-0.33008	-0.0071158	0
-1.6255	-0.41063	-0.023793	0
-1.6984	-0.41854	-0.037356	0
-0.28762	-0.26636	0.0027122	0
-1.9863	-0.45148	-0.024394	0
-1.6816	-0.41671	0.022825	0
-0.37871	-0.27746	-0.014587	0
-1.0593	-0.35153	-0.074137	0
-2.2266	-0.48242	0.03262	0
-1.3003	-0.37642	-0.017511	0
-1.8605	-0.43669	-0.043636	0
-1.3228	-0.37875	0.0041062	0
-1.9522	-0.44741	0.073324	0
-1.5951	-0.40736	0.054352	0
-2.2256	-0.48229	-0.033871	0
-1.806	-0.4305	-0.071378	0
-2.2489	-0.48555	-0.046188	0
-2.2374	-0.48393	-0.019579	0
-1.7845	-0.42809	0.006158	0
-0.68977	-0.31262	0.0048122	0
-1.8156	-0.43159	0.031606	0
-1.2008	-0.36613	-0.025821	0
-1.5569	-0.40328	0.0036649	0
-0.66973	-0.31044	0.018472	0
-0.96591	-0.34184	0.029143	0
-1.705	-0.41927	-0.06245	0
-1.1308	-0.35891	-0.08481	0
-1.7072	-0.41952	0.030266	0
-0.57812	-0.30036	0.028992	0
-2.2459	-0.48511	-0.080951	0
-2.2457	-0.48508	0.080747	0
-0.8271	-0.3273	0.00048474	0
-1.696	-0.41829	-0.093071	0
-1.8287	-0.43306	0.017742	0
-0.87989	-0.33286	0.022467	0
-0.19905	-0.25507	-0.025	0
-0.83694	-0.32834	0.027771	0
-0.40822	-0.28094	0.032158	0
-0.80237	-0.32468	-0.094464	0
-2.1244	-0.46872	0.067124	0
-1.7633	-0.42571	-0.051211	0
-1.0929	-0.355	0.094962	0
-0.97687	-0.34298	-0.082297	0
-1.5769	-0.40541	-0.064411	0
-1.3687	-0.38351	-0.015269	0
-1.0841	-0.35409	0.069606	0
-1.8709	-0.43788	0.045114	0
-1.7381	-0.42291	0.015743	0
-0.38046	-0.27765	-0.056999	0
0.3488	-0.14501	0.001247	0
-1.3286	0.14615	0.00017692	0
0.17809	-0.034884	0.0011917	0
-0.45349	0.055366	0.009061	0
0.35662	-0.09	-0.034875	0
0.35932	-0.091752	0.036623	0
-0.12152	0.014231	-0.03857	0
-0.83496	0.096384	-0.03659	0
-1.7457	0.18893	0.041317	0
0.20543	-0.18964	-0.040392	0
0.20629	-0.18948	0.038492	0
-1.7478	0.18916	-0.041722	0
-0.055968	0.0049418	0.042963	0
-0.89553	0.10259	0.04079	0
0.35969	-0.1384	-0.050456	0
0.21438	-0.042716	-0.049853	0
0.36015	-0.13801	0.049775	0
0.21464	-0.042826	0.050414	0
-1.2939	0.14267	-0.051075	0
-0.39349	0.048429	0.055032	0
-1.3381	0.1471	0.053619	0
-0.46013	0.056115	-0.053471	0
0.12057	-0.2067	-2.5542e-15	0
-1.9091	0.2067	2.283e-15	0
-0.13411	0.015947	0.00402	0
-0.81228	0.094042	0.0025674	0
0.32653	-0.075179	0.00016175	0
0.37568	-0.10966	-0.0072151	0
0.054682	-0.012194	-0.065599	0
-1.9871	0.21551	0.065554	0
0.071921	-0.21532	0.06464	0
0.070696	-0.21552	-0.064654	0
-1.9905	0.2159	-0.064702	0
0.37376	-0.10587	-0.064931	0
0.37371	-0.10544	0.066433	0
0.31914	-0.072357	-0.066267	0
-0.35825	0.044297	-0.021003	0
0.2877	-0.16864	-0.066548	0
0.28554	-0.1693	0.066211	0
0.32099	-0.072912	0.066165	0
-0.70253	0.082579	0.065906	0
-1.0012	0.11332	-0.066882	0
0.09299	-0.018716	-0.028921	0
0.062022	-0.013431	0.067935	0
-1.5777	0.17139	-0.06714	0
-1.6281	0.17661	0.011532	0
0.26096	-0.17618	0.011846	0
-0.20472	0.025321	-0.069376	0
-1.105	0.12376	-0.023058	0
-1.6201	0.17577	0.068392	0
0.31084	-0.16101	-0.027576	0
-1.4789	0.16131	-0.026637	0
-0.16852	0.020559	0.068177	0
-1.0564	0.11887	0.068795	0
-0.6094	0.072634	0.035977	0
-2.0178	0.21907	0.028841	0
0.049298	-0.21907	0.028841	0
0.05451	-0.21824	-0.027965	0
-2.011	0.21826	-0.027951	0
0.37569	-0.12053	0.024595	0
-1.1723	0.13049	0.02851	0
0.11458	-0.022604	0.028306	0
-0.69963	0.082279	-0.069591	0
0.25287	-0.052026	0.023781	0
0.28906	-0.062211	-0.028904	0
-0.26745	0.033269	0.029822	0
-0.62261	0.074061	-0.018102	0
0.30628	-0.16261	0.036603	0
0.3764	-0.1168	-0.03192	0
-1.4659	0.15999	0.029593	0
0.22716	-0.18464	-0.01421	0
-1.706	0.18475	-0.014254	0
0.1649	-0.032202	-0.074057	0
0.36862	-0.13084	-0.074384	0
0.36967	-0.13014	0.072268	0
0.040185	-0.0098483	-0.0030431	0
-1.0715	0.12039	0.0053124	0
0.19427	-0.19211	-0.075292	0
0.19425	-0.19211	0.075292	0
0.23976	-0.048682	0.074028	0
-1.2254	0.13581	-0.074753	0
-1.7898	0.19366	-0.075426	0
0.30277	-0.066555	0.044815	0
-0.49242	0.059748	0.075438	0
-1.4093	0.15426	0.076572	0
0.35472	-0.14157	0.023856	0
-0.60577	0.072231	-0.04153	0
0.3618	-0.093573	0.012383	0
-0.019892	-0.00042046	0.019768	0
-0.37059	0.045746	-0.076588	0
0.35928	-0.13851	-0.021936	0
0.18591	-0.036517	-0.023631	0
-1.8193	0.19683	0.07779	0
-0.29308	0.036448	-0.043065	0
-2.0803	0.22642	0.007847	0
0.0034426	-0.22643	0.0078392	0
-0.28461	0.035375	-0.0019023	0
-0.90753	0.10381	-0.017511	0
-1.0252	0.11574	-0.045324	0
0.26888	-0.056284	-0.079244	0
-0.87159	0.10014	0.079168	0
-1.7919	0.19388	0.018461	0
0.18465	-0.19416	0.018679	0
-0.071662	0.0072255	-0.015078	0
-2.1012	0.22893	0.048311	0
-0.031834	-0.23181	0.048597	0
-0.0026941	-0.22741	-0.047823	0
-2.09	0.22756	-0.047538	0
0.35463	-0.088802	-0.081434	0
0.37544	-0.10911	0.043831	0
-0.070196	0.0069762	-0.077994	0
-0.79108	0.091852	0.023921	0
-1.1444	0.1277	0.048125	0
0.35802	-0.090912	0.078218	0
0.35707	-0.090313	-0.014999	0
-1.5666	0.17026	0.047099	0
-0.052115	0.0043927	0.082957	0
-1.5758	0.1712	-0.045809	0
0.33618	-0.15112	-0.078798	0
0.33236	-0.15274	0.078464	0
0.29425	-0.1666	-0.0050244	0
0.31803	-0.071859	-0.044956	0
-0.64981	0.076987	0.010785	0
0.25787	-0.053301	-0.0087411	0
-0.31528	0.039163	0.079468	0
0.32823	-0.075807	0.020823	0
-2.1133	0.23038	0.079841	0
-0.027011	-0.23112	-0.081213	0
-0.027004	-0.23112	0.081213	0
-2.1173	0.23087	-0.081045	0
0.055159	-0.012296	0.046127	0
0.10793	-0.021394	-0.048228	0
0.32	-0.15774	-0.047482	0
-0.24058	0.029893	0.050077	0
-0.4428	0.054138	0.03568	0
-1.5003	0.16348	-0.0044482	0
-1.428	0.15615	-0.080189	0
0.35333	-0.087878	-0.056664	0
0.35591	-0.089622	0.05498	0
-0.021561	-0.23028	-0.01187	0
-2.1124	0.23028	-0.01187	0
0.15374	-0.029968	0.080042	0
0.37317	-0.12582	0.0058028	0
-0.99521	0.11271	0.023927	0
-0.072711	0.0073837	-0.05552	0
-1.9387	0.21	0.04861	0
0.096922	-0.21099	0.04702	0
0.11129	-0.2084	-0.046208	0
-1.9272	0.20873	-0.046131	0
-0.53534	0.06454	-0.082969	0
-1.2205	0.13532	0.080922	0
-0.86443	0.099411	-0.081348	0
-0.20411	0.025221	-0.021922	0
-1.3081	0.14409	-0.019241	0
0.37625	-0.11894	-0.049828	0
-1.7872	0.19336	0.059095	0
-0.83397	0.09628	-0.057039	0
0.14035	-0.20301	-0.018492	0
-0.041902	0.0028717	0.060214	0
0.006187	-0.004408	-0.042737	0
-1.8765	0.20308	-0.01846	0
-0.46774	0.056972	-0.0088843	0
-0.56034	0.067295	0.053903	0
-0.74713	0.087272	0.049662	0
0.090204	-0.018254	-0.0833	0
-1.735	0.18781	-0.058443	0
0.22771	-0.18455	-0.057663	0
0.23015	-0.18395	0.05775	0
-0.89592	0.10263	0.063294	0
0.37641	-0.11449	0.083155	0
0.37645	-0.11421	-0.082142	0
0.31994	-0.15777	0.013045	0
0.32426	-0.15613	0.052486	0
0.10514	-0.20956	-0.081561	0
0.10514	-0.20956	0.081561	0
0.18736	-0.036818	0.018018	0
0.26152	-0.17598	-0.082945	0
0.26217	-0.1758	0.082866	0
-0.15196	0.018377	0.019301	0
-1.4519	0.15857	0.012902	0
0.29761	-0.06485	0.082811	0
-1.6227	0.17604	0.029044	0
-1.9422	0.21039	-0.082179	0
-0.45081	0.05506	-0.038148	0
0.10177	-0.020262	0.010165	0
0.26542	-0.055388	-0.06182	0
-0.63535	0.075426	0.083837	0
-1.0589	0.11913	-0.083905	0
0.37516	-0.12153	0.054647	0
0.32409	-0.074186	-0.084095	0
0.25456	-0.17789	0.026826	0
0.37402	-0.12436	-0.012449	0
-1.655	0.1794	-0.084852	0
0.14907	-0.029051	0.061946	0
-1.9533	0.21165	0.084832	0
-1.174	0.13067	-0.0082288	0
-1.4213	0.15548	-0.06209	0
0.27172	-0.057135	0.059692	0
0.27268	-0.17297	-0.039268	0
0.33648	-0.15091	-0.061773	0
-0.29979	0.037263	0.01379	0
-1.1502	0.12828	-0.060392	0
0.12114	-0.023798	-0.012488	0
-1.2432	0.13759	-0.035854	0
-1.7693	0.19145	0.00038847	0
0.19518	-0.038499	0.035363	0
0.19749	-0.19141	0.00044583	0
0.3718	-0.10295	-0.045236	0
0.064648	-0.013867	0.083901	0
-2.136	0.23318	0.062953	0
-0.046011	-0.23391	0.063595	0
-0.04606	-0.23391	-0.063595	0
-2.1412	0.23383	-0.06333	0
-0.25702	0.031969	-0.084026	0
-1.5581	0.16938	0.083559	0
0.37196	-0.10337	-0.025038	0
0.33133	-0.077215	-0.025008	0
-1.3082	0.1441	0.038764	0
-0.59346	0.070895	-0.058129	0
0.37532	-0.10906	0.011749	0
-1.6393	0.17776	-0.029011	0
0.34525	-0.14673	-0.03601	0
-0.31524	0.039136	-0.059681	0
-1.0241	0.11563	0.084075	0
-2.1451	0.23431	0.022609	0
-0.04873	-0.23431	0.022609	0
0.37339	-0.12515	0.039994	0
0.349	-0.14484	0.064949	0
0.27765	-0.17157	0.048161	0
-1.2106	0.13433	0.011961	0
0.23959	-0.048727	0.0078864	0
-0.055301	-0.23528	-0.03174	0
-2.1529	0.23528	-0.03174	0
0.2679	-0.0561	-0.042238	0
-1.4049	0.15382	-0.040604	0
-1.2057	0.13384	0.064772	0
-0.18631	0.02291	0.084799	0
-1.48	0.16142	0.06286	0
0.37203	-0.10315	0.026234	0
-0.76208	0.088828	-0.012308	0
0.16315	-0.03186	-0.037583	0
0.15141	-0.20086	-0.059337	0
0.15499	-0.20014	0.059814	0
-0.29624	0.036815	0.06392	0
-1.9484	0.21111	0.015034	0
0.096025	-0.21111	0.015034	0
-0.53627	0.064639	0.022431	0
0.25466	-0.052538	0.038649	0
-0.71538	0.083939	-0.084898	0
-0.19359	0.023857	-0.052828	0
0.013399	-0.0055629	0.032509	0
0.34476	-0.14703	0.037225	0
-1.8836	0.20387	0.031576	0
0.13457	-0.20409	0.031721	0
-0.97747	0.11092	-0.030563	0
-1.3242	0.1457	0.022306	0
0.36793	-0.13168	-0.036116	0
0.33408	-0.15201	-0.015283	0
-0.16296	0.019828	0.037445	0
-0.50566	0.061235	-0.024198	0
-0.59924	0.071528	-0.0033905	0
0.29116	-0.062854	0.010065	0
0.15769	-0.030794	-0.059589	0
-0.70228	0.082547	-0.030459	0
-1.7029	0.18441	0.085782	0
-0.94276	0.1074	-0.0036587	0
0.14506	-0.028304	0.046634	0
0.30576	-0.067617	-0.013943	0
-1.0409	0.11731	0.036356	0
-0.1279	0.015092	0.053367	0
-1.8725	0.20265	-0.032961	0
0.14224	-0.20264	-0.03298	0
0.26546	-0.17491	-0.024924	0
0.21194	-0.042196	-0.085706	0
0.070435	-0.21554	-0.011442	0
-1.988	0.21563	-0.011334	0
-0.71457	0.08385	-0.050766	0
-0.9317	0.10628	0.010731	0
-1.8632	0.20163	-0.058405	0
0.028745	-0.0080088	-0.01744	0
0.37591	-0.11929	-0.06673	0
-0.032801	0.0015092	0.0054044	0
0.35737	-0.13981	-0.086893	0
0.3586	-0.13906	0.085891	0
-0.33632	0.041662	0.043699	0
-1.4317	0.15652	0.046449	0
-2.1599	0.23614	0.035675	0
-0.061229	-0.23614	0.035675	0
-0.46993	0.057219	-0.069046	0
-0.19179	0.02363	-0.0079563	0
0.33648	-0.079472	0.086855	0
0.36975	-0.10068	-0.08815	0
-1.3067	0.14395	-0.087133	0
0.20857	-0.041466	0.089239	0
-0.14775	0.017786	-0.086515	0
0.27076	-0.17356	-0.052746	0
0.36656	-0.097462	0.0013701	0
-1.1648	0.12974	-0.046259	0
0.2023	-0.1903	-0.02641	0
-0.76929	0.089577	0.083664	0
0.37025	-0.10133	0.086473	0
-1.0023	0.11343	0.051308	0
0.33867	-0.080471	0.045343	0
0.30669	-0.16247	-0.086718	0
0.30668	-0.16247	0.086718	0
-0.40948	0.0503	0.086728	0
-1.0436	0.11759	-0.013301	0
-1.7663	0.19114	-0.026288	0
-1.6454	0.17841	-0.0033815	0
0.26097	-0.17616	-0.0033433	0
0.0031294	-0.0039577	-0.087171	0
-1.6784	0.18184	0.055941	0
0.14644	-0.028585	-0.086725	0
-0.39185	0.04824	0.022613	0
0.18361	-0.19438	-0.086755	0
0.18361	-0.19438	0.086755	0
0.23103	-0.046623	-0.033449	0
-0.042353	0.0029321	-0.029726	0
-0.55392	0.066583	0.066929	0
0.21791	-0.043573	-0.06545	0
-0.45878	0.05596	-0.087308	0
-1.6069	0.17441	-0.017817	0
-0.20358	0.025177	0.0091335	0
-0.39834	0.048992	0.067707	0
0.3765	-0.11424	-0.016227	0
-1.3088	0.14416	0.086655	0
0.37265	-0.12591	-0.087788	0
0.37418	-0.12377	0.087156	0
0.29761	-0.064915	0.030241	0
0.12284	-0.024072	-0.066182	0
-0.066415	-0.23689	-0.0018616	0
-2.1653	0.23683	-0.0022031	0
0.36178	-0.13666	-0.062293	0
-0.74981	0.087543	0.034707	0
0.36082	-0.13772	0.010339	0
0.37648	-0.11779	0.068758	0
-0.07841	0.0081531	0.029477	0
-0.27764	0.034538	-0.032647	0
-1.5215	0.16564	-0.087402	0
-0.66429	0.078512	0.023511	0
0.20658	-0.04093	0.062977	0
-1.2849	0.14177	-0.063175	0
0.28838	-0.16836	0.023718	0
-1.3868	0.15199	-0.00987	0
0.24474	-0.18045	-0.069277	0
0.24493	-0.18039	0.069149	0
-0.55146	0.066313	0.089663	0
0.34971	-0.085781	0.068705	0
0.36857	-0.13123	0.028636	0
0.34909	-0.085653	-0.066603	0
0.043516	-0.22005	-0.087072	0
0.043518	-0.22005	0.087072	0
-1.8462	0.19975	-0.08776	0
0.33721	-0.079699	0.0095338	0
-1.1218	0.12545	0.019658	0
0.26833	-0.056168	0.089923	0
0.25112	-0.051632	-0.019244	0
0.21371	-0.042601	-0.0098836	0
-0.8139	0.094206	-0.025432	0
-0.90856	0.10392	-0.046934	0
-0.10561	0.012007	0.087728	0
0.36772	-0.098387	0.044662	0
-1.1748	0.13075	-0.087813	0
0.35163	-0.087045	0.022822	0
-0.95757	0.1089	-0.087803	0
-0.0060992	-0.0025193	-0.051692	0
0.043106	-0.010299	0.017673	0
-1.3433	0.14762	0.068609	0
0.36212	-0.13679	-0.0096984	0
0.3274	-0.15484	0.06822	0
-0.80521	0.093315	0.067511	0
-1.8757	0.20299	0.067253	0
-0.30119	0.037426	-0.014722	0
-0.49199	0.059706	0.044914	0
-2.1721	0.23766	-0.020711	0
-0.07165	-0.23766	-0.020711	0
0.32266	-0.073674	0.052423	0
-0.88117	0.10113	-0.068278	0
-0.046264	0.003518	-0.071572	0
0.32963	-0.076559	0.03433	0
-1.6915	0.1832	-0.069762	0
0.28557	-0.061037	0.070477	0
-1.5066	0.16412	0.020986	0
-0.40128	0.049344	-0.0014766	0
-0.75165	0.087742	0.012426	0
0.10508	-0.02091	0.056999	0
-2.1718	0.23764	0.088628	0
-0.060665	-0.23606	-0.088166	0
-0.060666	-0.23606	0.088166	0
-2.1713	0.23759	-0.088678	0
-1.3734	0.15064	-0.028964	0
-1.887	0.20424	-0.072104	0
0.32829	-0.1544	0.026172	0
-1.737	0.18801	0.069095	0
0.28463	-0.060884	-0.088596	0
-2.0337	0.22091	-0.087691	0
0.37222	-0.12657	-0.02208	0
0.145	-0.20214	-0.071067	0
0.14397	-0.20234	0.071044	0
-0.60701	0.072374	-0.067146	0
-1.4429	0.15766	-0.051566	0
-0.71387	0.083773	0.0025764	0
-1.8257	0.19753	-0.0077871	0
0.16817	-0.19753	-0.0077827	0
-1.7406	0.1884	0.027518	0
0.31108	-0.069361	-0.05668	0
-0.058241	0.0052555	-0.00618	0
-1.6735	0.18133	-0.050502	0
0.36726	-0.13221	0.062876	0
0.060017	-0.21733	0.0014459	0
-2.003	0.21733	0.001455	0
0.34402	-0.082977	-0.089172	0
-2.0123	0.21841	0.039515	0
0.052902	-0.21852	0.039356	0
0.043107	-0.2201	-0.039851	0
-2.0268	0.22011	-0.039833	0
-0.89856	0.1029	0.027538	0
-1.8583	0.20109	0.087467	0
-1.4506	0.15844	0.08821	0
-1.1193	0.12519	0.089587	0
-0.33151	0.041091	-0.08854	0
-2.0251	0.2199	0.054602	0
0.061696	-0.21701	0.05413	0
0.051727	-0.21868	-0.054431	0
-2.0246	0.21985	-0.054683	0
-1.1116	0.12442	-0.070392	0
0.34526	-0.08356	-0.045331	0
-0.57854	0.069281	-0.029216	0
0.014994	-0.0058028	-0.072408	0
-0.91034	0.10411	0.088967	0
-0.13612	0.016198	-0.025217	0
-0.008823	-0.0020841	0.051569	0
0.33401	-0.078351	-0.053195	0
-0.097508	0.010881	0.067235	0
-0.38669	0.04765	-0.046401	0
0.30642	-0.16256	0.0052467	0
-0.52323	0.063195	-0.045585	0
0.37084	-0.12852	0.017579	0
0.010832	-0.0051454	0.090099	0
-0.29408	0.036572	-0.070561	0
-2.1791	0.23855	0.012116	0
-0.077835	-0.23855	0.012116	0
-1.1064	0.1239	-0.036231	0
0.34093	-0.081387	-0.0090116	0
-2.1816	0.23885	0.053126	0
-0.08456	-0.23954	0.055553	0
-0.07804	-0.23861	-0.05518	0
-2.1823	0.23894	-0.053589	0
-0.12128	0.0142	-0.071029	0
0.23235	-0.18344	0.017226	0
-0.21083	0.026113	-0.038074	0
0.10376	-0.020658	-0.0015574	0
0.040661	-0.22053	-0.075203	0
0.040846	-0.2205	0.075201	0
-1.6377	0.17759	0.03957	0
-2.0398	0.22163	0.088007	0
0.13648	-0.026653	-0.021528	0
0.37288	-0.10438	0.054301	0
0.31491	-0.070788	-0.033337	0
0.36865	-0.099239	-0.011791	0
-0.96135	0.10928	0.070029	0
-1.0286	0.11608	-0.05619	0
0.20876	-0.18892	0.028003	0
-1.7336	0.18766	-0.088807	0
0.253	-0.17832	0.041171	0
0.37033	-0.10116	-0.072682	0
0.035836	-0.0091236	0.00796	0
-0.00012582	-0.0034581	0.069166	0
0.37002	-0.10076	0.076233	0
-1.8461	0.19974	-0.048278	0
0.16174	-0.1989	0.047783	0
0.16525	-0.19814	-0.048212	0
-2.1863	0.23947	0.073378	0
-0.08018	-0.23888	0.07287	0
-0.080212	-0.23888	-0.07287	0
-2.1763	0.23819	-0.072324	0
0.29763	-0.064929	-0.074534	0
0.35427	-0.14205	-0.07254	0
-0.62257	0.074056	-0.089614	0
-0.066618	0.0065031	-0.045786	0
0.27306	-0.057507	0.04759	0
-1.2594	0.13921	0.048966	0
-2.0378	0.22139	0.017874	0
0.035296	-0.22139	0.017872	0
0.37409	-0.10626	-0.034142	0
-1.4861	0.16204	0.0054941	0
-0.27615	0.034344	0.09011	0
-1.5364	0.16716	0.036511	0
-1.331	0.14638	0.011934	0
0.12068	-0.023692	0.089376	0
-1.7068	0.18482	0.017291	0
0.34479	-0.083419	-0.00013538	0
-1.5169	0.16517	0.073209	0
-1.8286	0.19783	0.047674	0
0.07811	-0.016151	-0.039488	0
0.3097	-0.16155	-0.076058	0
-0.38166	0.047052	-0.012113	0
-1.8386	0.19892	0.0081113	0
0.16145	-0.19891	0.0082182	0
-0.55919	0.067169	0.0038847	0
0.23987	-0.18157	-0.047454	0
0.22621	-0.18493	-0.090974	0
0.22632	-0.18491	0.090962	0
0.28998	-0.062398	5.5276e-05	0
0.26785	-0.17439	-0.01427	0
-2.0205	0.21937	-0.075808	0
0.3702	-0.10075	-0.054786	0
-0.080831	0.0085468	0.011807	0
-0.84231	0.097136	0.049002	0
0.19435	-0.038324	0.072744	0
-1.9362	0.20973	0.058162	0
-1.6007	0.17377	-0.056308	0
-1.2123	0.13449	0.038377	0
0.37631	-0.11206	0.032495	0
0.36194	-0.13687	0.040381	0
-1.5513	0.16868	-0.034739	0
-1.5277	0.16627	-0.076929	0
0.32513	-0.15578	-0.00065037	0
0.30828	-0.16202	0.075441	0
-1.4198	0.15532	-0.00026898	0
0.21053	-0.041864	0.025845	0
-1.3355	0.14683	-0.07378	0
-1.1163	0.12489	0.059919	0
0.36517	-0.095987	0.06212	0
0.3173	-0.15872	-0.057088	0
0.10671	-0.021171	0.038801	0
0.37057	-0.129	-0.055297	0
-2.0668	0.22481	0.069605	0
0.091451	-0.018486	-0.058312	0
0.33064	-0.076951	0.074408	0
-0.06747	0.006633	-0.089656	0
-0.73994	0.086513	0.075047	0
-0.9577	0.10892	-0.076801	0
-0.49413	0.059939	0.0601	0
-0.64078	0.076008	0.046912	0
-0.66464	0.078559	0.055819	0
-0.36199	0.044743	-0.036512	0
0.063189	-0.01363	0.056921	0
0.35922	-0.091735	-0.024218	0
-0.38445	0.047391	-0.066577	0
-1.1707	0.13034	0.002285	0
-0.80204	0.092986	-0.09046	0
-1.11	0.12425	0.077405	0
0.35445	-0.088692	0.088845	0
0.3423	-0.14825	-0.025338	0
-0.082833	-0.23927	-0.042805	0
-2.1855	0.23934	-0.042537	0
-0.93875	0.10699	-0.057519	0
0.23972	-0.18172	-0.032539	0
0.34078	-0.14894	-0.089032	0
0.34112	-0.14881	0.088441	0
0.36436	-0.095525	-0.065135	0
0.3566	-0.14044	0.075234	0
-0.85952	0.098911	-0.0075698	0
0.30699	-0.1624	-0.038073	0
0.3408	-0.14897	-0.052643	0
0.017739	-0.0062112	-0.032318	0
-0.23174	0.028777	0.020456	0
-0.0066421	-0.228	-0.023247	0
-2.0935	0.228	-0.023245	0
0.21994	-0.043938	-0.075579	0
-1.414	0.15474	-0.090658	0
0.37586	-0.11957	-0.0025779	0
0.12115	-0.023781	0.071505	0
-1.5841	0.17205	0.058271	0
0.30698	-0.16243	-0.01692	0
0.25218	-0.051859	-0.089994	0
-0.63774	0.075689	-0.078023	0
-1.271	0.14037	-0.0097481	0
-1.1991	0.13318	-0.018935	0
-0.52866	0.063789	0.038118	0
-0.22925	0.02849	0.075609	0
0.37485	-0.12249	-0.03958	0
-0.12441	0.014647	0.076926	0
-1.5026	0.16371	-0.016289	0
-0.19172	0.023615	0.058099	0
-0.36409	0.045	0.030115	0
-0.14606	0.017571	-0.016579	0
0.16405	-0.031996	-0.048086	0
0.36458	-0.13456	0.0008692	0
-0.74198	0.086728	-0.060046	0
-0.31885	0.039581	0.05316	0
0.13775	-0.026907	0.019015	0
0.15955	-0.031121	0.010064	0
-0.7497	0.087533	0.05936	0
-0.73488	0.085988	-0.039386	0
-1.8128	0.19613	-0.064876	0
-0.24691	0.0307	0.039749	0
-0.88362	0.10137	0.019694	0
0.26784	-0.17434	0.057993	0
0.014424	-0.22469	-0.067878	0
0.014445	-0.22469	0.067878	0
0.34262	-0.14808	0.010552	0
0.25276	-0.051997	-0.051526	0
0.37545	-0.12107	-0.074092	0
0.33976	-0.080862	-0.074297	0
-1.3219	0.14547	0.078027	0
0.050628	-0.011549	-0.048402	0
-0.79195	0.09194	-0.073882	0
0.37075	-0.10153	0.035195	0
0.19472	-0.19203	-0.064896	0
0.19618	-0.19169	0.06473	0
-0.09357	-0.24078	-0.011571	0
-2.1966	0.24077	-0.0116	0
-1.2334	0.13661	0.09197	0
0.14006	-0.20308	-0.090743	0
0.14005	-0.20308	0.090743	0
0.37597	-0.11064	-0.056057	0
-1.6505	0.17893	-0.039078	0
0.22189	-0.18593	0.048419	0
-0.18608	0.022882	-0.078341	0
0.34598	-0.1464	0.055217	0
0.37625	-0.11799	0.014089	0
-2.0644	0.22454	-0.061416	0
0.088015	-0.21254	-0.019599	0
-1.9615	0.21259	-0.019558	0
-0.67617	0.079788	-0.0079235	0
-1.0039	0.11359	0.059859	0
-0.14944	0.01803	-0.060352	0
-1.0832	0.12156	0.02845	0
-0.80146	0.092924	-0.047432	0
-1.6418	0.17802	0.078427	0
0.057894	-0.012745	-0.091361	0
-1.6219	0.17596	0.090794	0
0.32621	-0.15529	0.041714	0
-2.0866	0.22718	0.033318	0
-0.0015513	-0.2272	0.033292	0
0.37637	-0.11255	-0.042315	0
-1.5063	0.16409	-0.060456	0
-1.9419	0.21038	0.073594	0
-0.5653	0.067827	0.078032	0
-1.3107	0.14435	-0.04208	0
-1.7765	0.19222	0.091399	0
0.17281	-0.033773	-0.01407	0
-1.4849	0.16191	0.052951	0
0.17167	-0.033565	0.090321	0
0.29563	-0.16616	0.055269	0
-0.52425	0.063307	-0.092429	0
0.33837	-0.080286	-0.035663	0
-0.72812	0.085281	-0.021077	0
-0.79148	0.091887	0.041333	0
0.22761	-0.045808	0.016505	0
-0.19518	0.02407	0.028899	0
0.36232	-0.093932	-0.045745	0
-1.0814	0.12139	-0.004286	0
-1.7378	0.1881	0.04994	0
0.37613	-0.11869	0.046962	0
0.37082	-0.12861	0.048217	0
0.37092	-0.10186	0.016832	0
0.37303	-0.10475	0.0030531	0
-0.53605	0.06462	-0.015623	0
0.22087	-0.044199	-0.0008745	0
0.37631	-0.11764	-0.091245	0
0.37635	-0.11621	0.092584	0
-0.23108	0.028679	-0.00089965	0
-0.14751	0.01777	-0.048155	0
-0.99297	0.11249	-0.021785	0
-2.0679	0.22494	0.061613	0
-0.01157	-0.22874	-0.09119	0
-0.011568	-0.22874	0.09119	0
-1.0235	0.11557	0.013504	0
0.11975	-0.02356	-0.034919	0
0.16739	-0.032699	0.027524	0
0.0048919	-0.22624	0.057383	0
0.0032469	-0.22647	-0.058927	0
-2.0932	0.22798	-0.0011333	0
-1.9491	0.21118	0.024535	0
0.0957	-0.2112	0.024547	0
-0.4136	0.050782	0.07598	0
-0.0055887	-0.002585	-0.010023	0
-0.0060588	-0.2279	-0.0015471	0
0.36082	-0.092816	-0.090929	0
-0.5481	0.065942	-0.036716	0
0.29415	-0.063658	0.021676	0
0.33965	-0.080878	0.058658	0
-1.4139	0.15473	0.021565	0
-0.20652	0.025541	-0.091279	0
0.18728	-0.1936	-0.017299	0
-2.0866	0.22717	-0.070142	0
-0.51906	0.062733	-0.062673	0
-1.6006	0.17375	-0.091868	0
-1.7905	0.19372	-0.017196	0
0.29742	-0.06485	0.09303	0
-0.48098	0.058459	-0.00031335	0
0.27522	-0.17229	0.090869	0
0.27522	-0.17229	-0.090802	0
-1.4056	0.15389	-0.020343	0
0.10188	-0.2101	-0.055445	0
0.11084	-0.20849	0.055882	0
0.093828	-0.21153	-0.036532	0
-1.9525	0.21157	-0.036514	0
0.33527	-0.15154	-0.070118	0
0.12558	-0.024627	-0.077605	0
0.066795	-0.014236	-0.011097	0
-0.26665	0.033161	-0.052363	0
0.37654	-0.11432	0.05972	0
0.20398	-0.18997	0.0097971	0
0.24956	-0.051232	-0.06892	0
0.019267	-0.0064642	0.077397	0
0.17521	-0.034306	0.054182	0
0.21961	-0.043962	0.041286	0
0.32579	-0.074956	-0.092114	0
-0.42056	0.051581	-0.028307	0
-0.8419	0.097096	0.011616	0
-2.1887	0.23975	0.043378	0
-0.089737	-0.24026	0.043766	0
0.26176	-0.17594	-0.061178	0
-2.021	0.21942	0.077147	0
0.29247	-0.16714	0.013735	0
-1.9124	0.20707	-0.092703	0
0.36992	-0.12976	-0.045646	0
0.37598	-0.11099	0.021024	0
-1.3646	0.14977	0.030044	0
-0.37167	0.045884	0.0080443	0
-1.4512	0.15849	-0.070134	0
-0.93639	0.10675	-0.037325	0
0.37621	-0.11169	-0.071954	0
-0.63143	0.075	0.092235	0
0.22883	-0.18429	-0.080333	0
0.22881	-0.18429	0.080333	0
-0.13132	0.015542	0.061604	0
-1.9092	0.2067	-0.008769	0
-0.45476	0.05551	-0.078431	0
0.12079	-0.20667	-0.0087991	0
0.063635	-0.21668	0.010045	0
0.37521	-0.12157	0.077837	0
-1.0965	0.12291	-0.092496	0
0.37599	-0.11113	0.07492	0
0.15708	-0.19976	-0.080163	0
0.15742	-0.19969	0.080011	0
-0.44316	0.054175	-0.017759	0
-1.9971	0.21668	0.010049	0
0.20328	-0.040259	0.0087984	0
0.29704	-0.064672	-0.065492	0
0.16145	-0.19887	0.038703	0
-0.34546	0.042761	0.091261	0
-2.1995	0.24114	0.028199	0
-0.096149	-0.24114	0.028199	0
0.35841	-0.13917	-0.030989	0
-1.3609	0.14939	-0.056994	0
0.27394	-0.17268	-0.075024	0
0.27416	-0.17262	0.074693	0
0.26835	-0.056213	0.079874	0
0.27716	-0.17176	0.032928	0
-1.9753	0.21417	0.092637	0
-0.067226	0.0065734	0.050678	0
-2.107	0.22963	-0.091675	0
0.30077	-0.065899	0.06019	0
0.26749	-0.1744	0.019019	0
-1.6102	0.17474	0.01995	0
-1.8349	0.19853	0.038906	0
0.18706	-0.036756	-0.091317	0
-0.55183	0.066357	0.014005	0
-1.2021	0.13348	0.056286	0
0.28216	-0.060117	-0.018199	0
0.2637	-0.054906	-0.03392	0
-0.81531	0.094357	0.091771	0
0.35911	-0.13872	-0.040527	0
-1.2683	0.1401	-0.028068	0
-0.12624	0.01487	-0.0063035	0
-0.89821	0.10287	-0.026634	0
-0.31648	0.039285	0.022413	0
0.30921	-0.06877	-0.022717	0
0.2861	-0.1691	-0.031309	0
0.31208	-0.069789	0.074768	0
-1.237	0.13697	0.020787	0
0.36199	-0.093617	0.028414	0
0.23632	-0.047903	-0.042376	0
-1.9543	0.21178	0.032704	0
0.091693	-0.21186	0.032708	0
-0.23839	0.029627	-0.06087	0
0.36745	-0.098252	-0.03778	0
-1.2698	0.14026	0.029798	0
-1.7575	0.19019	0.009724	0
-2.2032	0.24163	0.065032	0
-0.10567	-0.24247	0.064404	0
-0.1044	-0.24228	-0.064329	0
-2.2076	0.24219	-0.063849	0
0.34565	-0.14662	0.046133	0
-0.28576	0.035531	0.0052521	0
0.071235	-0.015	0.092687	0
0.2631	-0.054758	0.013664	0
0.29428	-0.063806	-0.039207	0
-1.5282	0.16632	0.091551	0
0.31243	-0.069934	0.00711	0
0.33802	-0.15027	0.019988	0
0.0028638	-0.2265	-0.03264	0
-2.081	0.22651	-0.032634	0
0.3765	-0.11377	0.0039717	0
0.34208	-0.14839	-0.0082117	0
-0.051332	0.004251	0.092157	0
-1.1407	0.12733	-0.079164	0
0.29111	-0.16752	-0.046082	0
-1.734	0.18769	0.077836	0
0.078637	-0.016266	0.076267	0
-0.96519	0.10967	0.034504	0
0.0053075	-0.0042999	0.041173	0
-0.17583	0.02153	0.046606	0
-1.208	0.13406	-0.054108	0
0.082701	-0.016959	-0.019318	0
-0.018378	-0.00064893	-0.022325	0
-0.1846	0.022709	-0.030036	0
-0.62259	0.074059	-0.050209	0
0.35562	-0.14094	0.032034	0
-1.6225	0.17602	-0.076561	0
-1.7128	0.18546	-0.079819	0
-0.95032	0.10816	0.079115	0
0.3029	-0.16377	0.045879	0
-1.1817	0.13143	0.072921	0
-0.1421	0.017012	0.011065	0
-0.65184	0.077199	0.073923	0
-0.47356	0.057626	0.067737	0
0.075218	-0.01566	-0.074519	0
-0.27117	0.03372	-0.092769	0
0.24509	-0.050052	0.055521	0
0.25158	-0.051716	0.065529	0
0.37585	-0.1111	-0.025229	0
0.20661	-0.18935	-0.050171	0
-1.203	0.13357	-0.066371	0
-1.3564	0.14894	0.046197	0
0.32949	-0.15389	-0.040111	0
-0.33878	0.041964	0.070473	0
-1.6839	0.18242	0.0045633	0
-0.60831	0.072508	0.026779	0
0.36751	-0.1319	-0.016982	0
0.23793	-0.1821	0.0046209	0
-1.7111	0.18528	-0.005653	0
0.23039	-0.18391	-0.0060588	0
-1.89	0.20459	0.078187	0
-1.8192	0.19683	0.026164	0
-0.20999	0.025983	0.091769	0
-1.0178	0.11499	0.092787	0
-0.11329	-0.24352	-0.03429	0
-2.218	0.24354	-0.034236	0
-0.56587	0.067886	0.043965	0
0.23369	-0.18311	-0.022599	0
-0.022304	-6.4706e-05	0.027985	0
-1.9374	0.20986	-0.054748	0
-1.8589	0.20116	-0.079566	0
0.36627	-0.13324	0.092055	0
0.36577	-0.13358	-0.092057	0
0.19396	-0.19212	0.055699	0
-1.7125	0.18543	-0.032688	0
0.14686	-0.028652	-0.0053381	0
-0.38527	0.047472	-0.056652	0
-2.2103	0.24254	0.0039183	0
-0.10624	-0.24255	0.0039589	0
-1.5623	0.16982	-0.025327	0
0.27038	-0.056769	0.030924	0
-1.6954	0.18362	-0.022673	0
-0.40322	0.049579	0.046184	0
-1.5471	0.16826	0.012378	0
-1.1649	0.12976	-0.030129	0
-1.6602	0.17994	-0.06152	0
0.28947	-0.062278	-0.047996	0
-0.66283	0.078364	-0.059315	0
-0.99463	0.11265	0.0025902	0
-1.4242	0.15576	0.068544	0
0.064558	-0.013865	0.028507	0
-0.82504	0.095356	0.033658	0
0.1973	-0.038955	-0.057604	0
-0.46612	0.05679	0.092258	0
-0.71787	0.084196	-0.092994	0
0.34389	-0.082953	-0.018472	0
-0.766	0.089236	-0.004114	0
0.35506	-0.089017	0.046214	0
-0.30792	0.03824	-0.079201	0
-1.4683	0.16023	-0.03474	0
-0.89687	0.10273	0.0027126	0
0.15364	-0.029969	0.036964	0
-1.648	0.17867	0.048092	0
-2.1132	0.23039	0.091961	0
0.34704	-0.084601	-0.028527	0
-0.45848	0.055922	0.026645	0
-0.45975	0.056066	0.018353	0
-0.09992	0.011217	0.036257	0
-1.8328	0.19831	-0.039567	0
0.16495	-0.19815	-0.038856	0
-0.88531	0.10155	-0.091836	0
-1.7547	0.18991	-0.050535	0
-0.82654	0.095514	-0.017232	0
0.37446	-0.10711	-0.091845	0
-1.1283	0.12609	0.010582	0
0.37105	-0.12862	-0.066042	0
-1.2543	0.1387	0.0047056	0
-1.0615	0.11938	0.044455	0
-2.2082	0.24227	0.019159	0
-0.10434	-0.24227	0.019159	0
-1.3953	0.15285	0.059913	0
0.37555	-0.12061	0.033078	0
-1.0258	0.11579	-0.092964	0
-2.1113	0.23017	-0.056047	0
0.19417	-0.038278	-0.032183	0
-1.0203	0.11524	0.075884	0
0.32223	-0.073494	0.091021	0
-1.1217	0.12543	-0.014806	0
0.088013	-0.21254	0.091875	0
0.088013	-0.21254	-0.091875	0
0.04984	-0.011439	0.037423	0
0.16243	-0.1987	-0.026026	0
-0.96293	0.10945	-0.011536	0
-0.11999	0.013991	-0.08019	0
-0.36042	0.044542	0.06117	0
0.26162	-0.054347	0.0029761	0
0.18517	-0.036376	0.04443	0
0.28576	-0.061218	0.038028	0
-0.7149	0.083888	0.090535	0
0.32244	-0.15678	-0.092513	0
0.3224	-0.15681	0.092463	0
0.32169	-0.15704	-0.0092178	0
-1.8396	0.19904	-0.025694	0
-0.22156	0.02747	-0.046897	0
0.09555	-0.21121	0.07221	0
0.095548	-0.21121	-0.07221	0
0.32941	-0.15399	-0.032264	0
-1.8783	0.20328	0.018845	0
0.13457	-0.20411	0.019225	0
0.35105	-0.14359	-0.058523	0
0.23302	-0.047104	-0.058059	0
-0.92217	0.10531	0.052078	0
0.37428	-0.1067	0.09186	0
-0.11413	0.013197	0.044553	0
-2.089	0.22748	0.024763	0
-2.1139	0.23047	0.015187	0
-0.021424	-0.23025	0.015199	0
-0.0011163	-0.22713	0.024713	0
-1.1075	0.124	-0.052747	0
-0.78939	0.091671	-0.065767	0
-2.036	0.22118	-0.016983	0
0.036738	-0.22114	-0.017007	0
0.35935	-0.13851	0.05902	0
0.19983	-0.039496	-0.041366	0
0.34259	-0.14805	0.072533	0
-1.4832	0.16174	0.080786	0
-1.5845	0.1721	-0.0080736	0
0.33211	-0.15283	0.060532	0
0.16982	-0.1972	0.026233	0
0.2962	-0.064439	0.052576	0
0.11776	-0.20721	0.064324	0
-1.2855	0.14182	0.060885	0
0.2221	-0.044544	-0.093403	0
-0.23213	0.028818	0.065102	0
0.36571	-0.096587	0.092371	0
-0.26861	0.033422	-0.023528	0
-1.4925	0.16269	-0.042826	0
0.11073	-0.021917	-0.092277	0
-1.9174	0.20762	0.0082648	0
-1.836	0.19865	0.00018155	0
0.11534	-0.20766	0.0082847	0
0.16043	-0.19907	-0.00027557	0
0.37615	-0.11696	-0.0096173	0
-1.0779	0.12103	-0.062768	0
0.037545	-0.0094202	-0.057066	0
-0.020228	-0.23005	-0.03938	0
-2.108	0.22976	-0.038856	0
0.37162	-0.12749	-0.0033442	0
0.23449	-0.047479	0.092382	0
-1.2458	0.13785	-0.092269	0
-1.7084	0.185	0.093726	0
0.3734	-0.12498	-0.030315	0
-1.9843	0.2152	-0.093578	0
0.18152	-0.035589	-0.06641	0
-2.2068	0.24207	0.081126	0
-0.10272	-0.24207	0.081126	0
-0.10269	-0.24207	-0.081126	0
-2.2068	0.24207	-0.081126	0
-0.25644	0.031883	0.057618	0
-1.5466	0.16821	0.028673	0
0.36472	-0.095776	0.070342	0
-0.047054	0.0036493	-0.037816	0
0.17907	-0.03508	-0.082064	0
0.32764	-0.15471	0.033317	0
0.37331	-0.10524	-0.081258	0
-1.0556	0.11879	-0.030108	0
-1.5485	0.1684	0.066007	0
-1.4246	0.15581	0.038773	0
-1.9236	0.20832	-0.027375	0
0.2253	-0.045262	-0.025325	0
-0.7237	0.084808	-0.077116	0
0.3655	-0.13394	-0.082185	0
0.36832	-0.13137	0.08174	0
-1.2375	0.13702	-0.043086	0
0.24214	-0.049377	0.046692	0
0.3445	-0.14717	-0.044368	0
-1.0445	0.11768	-0.075351	0
-0.98108	0.11128	0.043249	0
0.34923	-0.14461	-0.016177	0
0.11103	-0.20845	-0.027603	0
-0.02709	-0.23109	0.071918	0
-0.027125	-0.23109	-0.071918	0
0.36142	-0.13703	0.068047	0
-0.088441	0.009606	0.021651	0
-0.12728	0.015	-0.093897	0
0.37601	-0.11863	-0.022874	0
0.11049	-0.021879	0.080912	0
0.23759	-0.048219	0.083827	0
0.29033	-0.062626	-0.0087339	0
-0.97563	0.11073	-0.051256	0
-2.1031	0.22916	0.056121	0
-1.2397	0.13724	-0.0021619	0
-0.31026	0.038523	0.037163	0
-0.009746	-0.0019658	-0.0016148	0
0.32567	-0.074904	-0.016314	0
-1.6821	0.18223	0.06382	0
0.35778	-0.090663	0.0049708	0
0.37389	-0.10654	0.080635	0
0.36648	-0.097305	-0.029691	0
-1.7945	0.19416	-0.033355	0
-1.0223	0.11544	-0.037162	0
0.18461	-0.19416	-0.033371	0
0.28621	-0.16899	-0.082309	0
-0.78301	0.091006	-0.081848	0
-2.2204	0.24386	-0.0047911	0
-0.11606	-0.24391	-0.0045577	0
-0.2445	0.030379	-0.075813	0
0.23508	-0.047609	0.032641	0
0.29898	-0.165	-0.09406	0
0.29898	-0.165	0.09406	0
-0.0063866	-0.0024919	0.012055	0
-0.77547	0.090219	-0.032087	0
-1.119	0.12516	0.037379	0
0.36239	-0.13622	0.018383	0
-1.7925	0.19394	-0.093335	0
0.23496	-0.18279	0.033139	0
-0.3932	0.048407	-0.092481	0
0.14184	-0.027694	0.0025166	0
-1.8086	0.19568	0.070081	0
-1.3838	0.1517	0.092263	0
-0.25842	0.032135	-0.0082329	0
0.34386	-0.082842	0.029777	0
0.10327	-0.020577	0.049898	0
0.37638	-0.11667	0.039718	0
-1.7023	0.18435	0.033629	0
-1.3627	0.14958	-0.048464	0
-0.69369	0.081647	0.029493	0
-1.8023	0.19501	-0.0557	0
0.067143	-0.014338	0.0026646	0
-0.54071	0.065123	-0.0058878	0
0.19028	-0.19292	-0.056585	0
0.36274	-0.094222	0.020006	0
-0.3289	0.040774	-0.051632	0
-1.4014	0.15346	0.051826	0
-0.45369	0.055366	-0.045879	0
-0.63435	0.075315	0.0032805	0
-1.5296	0.16647	-0.052489	0
-0.62681	0.074502	0.062828	0
-0.87633	0.10063	0.071173	0
-1.2598	0.13925	0.071023	0
-0.013211	-0.0014158	-0.062572	0
-1.9149	0.20734	-0.06429	0
0.11537	-0.20765	-0.064621	0
0.35133	-0.1435	-0.080939	0
-0.47747	0.058077	0.083431	0
-1.0682	0.12006	0.052942	0
0.35985	-0.092072	-0.0050146	0
0.32488	-0.074596	0.040333	0
0.37365	-0.12457	0.063023	0
0.20232	-0.040037	0.0817	0
0.12969	-0.025398	-0.04175	0
-0.57203	0.068565	-0.022461	0
0.32571	-0.15544	-0.022068	0
0.35345	-0.14227	0.093024	0
0.35324	-0.14237	-0.093065	0
-0.11118	-0.24323	-0.027221	0
-2.2156	0.24323	-0.027213	0
-0.64107	0.076038	-0.025981	0
-0.63971	0.075901	-0.035296	0
-1.2543	0.1387	-0.082277	0
0.12798	-0.025092	-0.054598	0
0.042153	-0.010176	-0.024169	0
0.31825	-0.072012	-0.073687	0
-1.134	0.12666	0.067489	0
-1.959	0.2123	-0.072035	0
-1.3189	0.14518	-0.094173	0
0.35052	-0.086386	0.015297	0
0.27687	-0.17179	0.0045135	0
0.016396	-0.0060423	0.025288	0
-0.038752	0.0023974	0.035061	0
0.36535	-0.096436	0.052559	0
0.36726	-0.1322	-0.026793	0
-0.15078	0.01818	0.092859	0
0.30072	-0.16446	-0.052628	0
-2.1316	0.23265	0.070726	0
0.3427	-0.082364	0.09304	0
0.28606	-0.16904	0.082118	0
0.36674	-0.097601	-0.019829	0
0.036111	-0.22123	-0.007606	0
0.1329	-0.20438	-0.0523	0
0.29122	-0.16746	-0.024004	0
0.083601	-0.21328	-0.0050465	0
-2.217	0.24341	0.035451	0
-0.1132	-0.24351	0.035528	0
-2.0367	0.22127	-0.0075414	0
-1.5826	0.1719	0.0025805	0
0.34354	-0.082776	0.038199	0
0.32383	-0.074154	0.081724	0
-1.1732	0.13058	-0.038907	0
-1.9677	0.2133	-0.005006	0
-0.71913	0.084328	0.019664	0
-0.12985	0.015355	0.028461	0
0.31269	-0.069974	0.014769	0
-0.82864	0.095732	0.057349	0
-1.9095	0.20674	0.039831	0
0.31463	-0.070685	-0.0079643	0
-2.2163	0.24332	0.093315	0
-0.10369	-0.24219	-0.092328	0
-0.10369	-0.24219	0.092328	0
-2.2163	0.24332	-0.093315	0
-0.70438	0.082772	0.040772	0
0.10589	-0.021041	0.063966	0
-1.4942	0.16286	0.044212	0
-0.83208	0.096081	0.084416	0
-0.53597	0.064597	-0.054237	0
-0.076916	0.0079656	0.0017274	0
0.33574	-0.079097	-0.062342	0
0.0082039	-0.0047433	-0.094288	0
-0.5366	0.064677	-0.073048	0
0.11996	-0.20683	0.039317	0
-2.1134	0.23041	0.040891	0
-0.018391	-0.2298	0.041114	0
-1.3508	0.14838	-0.081026	0
0.31438	-0.15982	0.020796	0
-0.59713	0.071299	-0.010418	0
0.37526	-0.12159	-0.081681	0
0.34237	-0.14815	0.028766	0
-1.7846	0.19309	-0.083729	0
0.31418	-0.15987	-0.065072	0
0.012546	-0.0054433	0.061507	0
0.32628	-0.15524	-0.085274	0
0.32629	-0.15524	0.085274	0
0.3763	-0.11376	-0.062735	0
-2.1352	0.23309	0.029515	0
-0.040305	-0.23306	0.029507	0
0.35861	-0.091289	-0.072833	0
0.28227	-0.06017	-0.05606	0
-0.22195	0.027534	-0.014739	0
-0.25068	0.03117	0.082798	0
0.15007	-0.029264	-0.029794	0
-0.019636	-0.00046588	-0.080466	0
-0.4433	0.054186	-0.061684	0
0.36907	-0.099754	0.0088335	0
0.22148	-0.044351	-0.017222	0
0.3698	-0.10064	-0.0039196	0
-0.092751	0.010192	0.05862	0
0.30609	-0.067682	-0.093043	0
-1.6795	0.18196	0.024042	0
-0.37852	0.046691	0.015613	0
-1.3171	0.145	0.094655	0
-2.141	0.2338	0.0059552	0
-0.04673	-0.23402	0.0059395	0
0.34412	-0.083094	0.051694	0
-0.085066	0.0091243	-0.064144	0
-0.37212	0.045924	0.038161	0
-0.053508	-0.235	0.094679	0
-0.053509	-0.235	-0.094679	0
0.37619	-0.11275	0.05115	0
0.18539	-0.036425	-0.0062195	0
0.2388	-0.048569	-0.082631	0
-0.38794	0.047794	-0.084049	0
0.30091	-0.065936	-0.081962	0
-1.8953	0.20516	-0.04002	0
-0.7052	0.082856	0.082239	0
0.37326	-0.125	0.094722	0
0.37325	-0.125	-0.094722	0
0.12991	-0.20495	-0.039954	0
-0.62355	0.074159	0.018039	0
0.37568	-0.12045	-0.058736	0
-1.8625	0.20155	0.055487	0
-1.4015	0.15348	0.0064061	0
-0.42851	0.052487	0.061252	0
0.3186	-0.072123	0.02852	0
0.093128	-0.018787	0.020733	0
-0.94902	0.10803	0.018387	0
-1.9132	0.20716	0.093357	0
0.16177	-0.031585	0.070146	0
0.20188	-0.1904	-0.0094248	0
0.037954	-0.0094809	-0.081538	0
0.37371	-0.10587	-0.017555	0
0.36281	-0.094394	0.084525	0
-0.33881	0.041969	-0.029	0
0.17841	-0.19543	0.032889	0
-0.084019	0.0089787	-0.023458	0
-0.10149	0.01145	-0.030804	0
0.36904	-0.13057	0.05626	0
0.37533	-0.10904	-0.049049	0
-1.0211	0.11532	0.030809	0
-1.7616	0.19064	-0.0093625	0
-1.393	0.15262	0.083839	0
0.18183	-0.19473	-0.094259	0
0.18184	-0.19473	0.094258	0
-1.3655	0.14986	-0.065683	0
-0.32719	0.040572	-0.0060817	0
-0.53854	0.064892	0.029817	0
-0.66558	0.078655	-0.043537	0
0.3437	-0.082863	0.080086	0
-0.33837	0.041904	0.0016473	0
-0.48926	0.059393	-0.031245	0
-1.005	0.1137	-0.0060383	0
-1.0996	0.12322	-0.043059	0
0.13888	-0.02715	0.053905	0
-1.5856	0.17222	-0.083522	0
0.34868	-0.14495	-0.06505	0
-0.77221	0.089878	-0.05381	0
0.35228	-0.1429	0.016406	0
0.28429	-0.16961	0.040948	0
0.26097	-0.054173	-0.026224	0
-1.3186	0.14514	-0.034969	0
0.36566	-0.096664	-0.081214	0
0.27778	-0.058897	-0.071056	0
0.34854	-0.14501	0.081168	0
0.29014	-0.16786	-0.058846	0
-1.5152	0.165	-0.094905	0
-0.28225	0.03509	0.045376	0
-1.7786	0.19245	0.084055	0
0.25203	-0.17851	0.050993	0
-1.651	0.17899	-0.0098359	0
-0.17266	0.021105	-0.0017653	0
-1.6801	0.18202	-0.093169	0
0.32781	-0.15463	0.0066504	0
0.30975	-0.16143	0.063169	0
0.31112	-0.16097	0.028118	0
-0.45294	0.055285	-0.094684	0
-2.0382	0.22144	0.046959	0
0.030814	-0.22211	0.047749	0
0.067672	-0.21604	-0.046715	0
-1.9938	0.21628	-0.046575	0
-0.81268	0.09408	0.076196	0
-0.46196	0.056317	0.052931	0
-1.7883	0.19349	0.033185	0
0.30988	-0.069026	0.035949	0
-0.28037	0.034865	0.070818	0
0.26639	-0.17468	-0.045662	0
-0.048264	0.0038116	0.072316	0
0.24598	-0.18005	-0.040399	0
-2.7273	0.35472	0.00024345	0
-2.6911	0.42496	-0.025252	0
-2.7262	0.40824	0.03509	0
-2.601	0.31009	0.039914	0
-2.6009	0.31009	-0.039914	0
-2.7475	0.37764	-0.047465	0
-2.7343	0.35972	0.050532	0
-2.6043	0.45123	0.016082	0
-2.5854	0.45576	-0.056868	0
-2.5253	0.2933	-1.3562e-16	0
-2.631	0.44432	0.055912	0
-2.7429	0.3944	-0.00096958	0
-2.7001	0.34089	-0.06282	0
-2.7175	0.41315	-0.061909	0
-2.5586	0.46186	-0.017427	0
-2.4807	0.28463	0.064598	0
-2.4813	0.28471	-0.065479	0
-2.7452	0.39062	0.062371	0
-2.6663	0.32829	0.06684	0
-2.651	0.32362	0.01153	0
-2.6983	0.34004	-0.030077	0
-2.4603	0.28093	0.028841	0
-2.4651	0.28176	-0.027965	0
-2.7477	0.37904	0.026058	0
-2.5214	0.46957	0.04004	0
-2.6952	0.42338	0.0045814	0
-2.6182	0.31445	-0.070385	0
-2.5124	0.47137	0.069434	0
-2.7047	0.41932	0.071419	0
-2.7395	0.39782	-0.02847	0
-2.7421	0.36729	-0.071784	0
-2.6916	0.33744	0.03566	0
-2.7451	0.37154	-0.020791	0
-2.661	0.43553	-0.074332	0
-2.6289	0.31728	-0.012843	0
-2.6674	0.43345	0.036297	0
-2.4961	0.47451	-0.074747	0
-2.4972	0.47429	0.0025033	0
-2.741	0.36599	0.073794	0
-2.7441	0.39247	-0.074099	0
-2.5893	0.30727	0.075556	0
-2.4909	0.47551	-0.041434	0
-2.666	0.43391	-0.046741	0
-2.6392	0.44197	-0.0085056	0
-2.7266	0.35434	0.02273	0
-2.4183	0.27357	0.0078392	0
-2.7292	0.35603	-0.044764	0
-2.5828	0.30573	0.018551	0
-2.386	0.26819	0.048597	0
-2.4119	0.27244	-0.047538	0
-2.6073	0.45053	0.078379	0
-2.7462	0.38892	0.045489	0
-2.6909	0.33706	-0.0071895	0
-2.6354	0.44316	-0.032286	0
-2.7128	0.34663	0.079322	0
-2.7466	0.37484	0.0054252	0
-2.3895	0.26873	0.081227	0
-2.381	0.26738	-0.080775	0
-2.7309	0.40504	0.015542	0
-2.681	0.33338	-0.080563	0
-2.7053	0.4192	0.050043	0
-2.4677	0.47982	0.022911	0
-2.7164	0.41398	-0.044282	0
-2.6778	0.33227	-0.045312	0
-2.3954	0.26972	-0.01187	0
-2.5826	0.45646	-0.079673	0
-2.7203	0.41167	-0.0108	0
-2.5069	0.28963	0.046727	0
-2.5199	0.29219	-0.046228	0
-2.5427	0.29689	-0.080613	0
-2.707	0.41836	-0.080577	0
-2.741	0.39662	-0.05143	0
-2.7359	0.40141	0.080954	0
-2.4596	0.48129	-0.01372	0
-2.4526	0.48254	0.054123	0
-2.5433	0.29699	-0.018492	0
-2.6162	0.31397	0.058055	0
-2.6052	0.45108	0.040203	0
-2.7203	0.35052	-0.082424	0
-2.4486	0.48323	-0.058268	0
-2.7327	0.40377	0.052933	0
-2.702	0.34161	0.050768	0
-2.748	0.38218	0.082205	0
-2.666	0.43397	0.083849	0
-2.5104	0.29028	0.081832	0
-2.7027	0.34198	0.011029	0
-2.7257	0.35364	-0.016788	0
-2.6534	0.32432	0.083194	0
-2.5818	0.45663	-0.0019478	0
-2.5615	0.46122	0.056398	0
-2.4479	0.48335	0.083818	0
-2.7466	0.37408	0.059303	0
-2.6529	0.32417	-0.028921	0
-2.579	0.30484	-0.056853	0
-2.6424	0.32104	0.027589	0
-2.6994	0.42174	0.021936	0
-2.5951	0.30865	0.00043723	0
-2.3729	0.26609	0.063595	0
-2.3736	0.26619	-0.063229	0
-2.747	0.38695	-0.015808	0
-2.6589	0.32602	0.045127	0
-2.5692	0.45949	-0.039471	0
-2.7231	0.352	0.06469	0
-2.7478	0.37969	-0.064315	0
-2.3704	0.26569	0.022609	0
-2.7477	0.37817	-0.082256	0
-2.7462	0.37351	0.041136	0
-2.7455	0.39033	0.012513	0
-2.3644	0.26472	-0.03174	0
-2.5486	0.46395	0.025285	0
-2.7478	0.38384	-0.033073	0
-2.5029	0.28889	0.015034	0
-2.6587	0.32599	-0.06144	0
-2.6485	0.43936	0.0058371	0
-2.7406	0.36547	-0.057252	0
-2.5468	0.46436	0.085112	0
-2.7433	0.39374	0.029416	0
-2.4396	0.48477	0.038878	0
-2.733	0.40361	-0.085024	0
-2.4371	0.48524	-0.085461	0
-2.6858	0.42709	-0.010287	0
-2.538	0.29591	0.031721	0
-2.7425	0.36785	-0.03538	0
-2.4403	0.48466	-0.028901	0
-2.5535	0.29921	0.059849	0
-2.7225	0.35175	0.037055	0
-2.6206	0.31504	-0.085267	0
-2.668	0.43329	0.067237	0
-2.7104	0.41674	0.085104	0
-2.6386	0.44219	-0.059747	0
-2.7424	0.36762	-0.007275	0
-2.6839	0.42776	-0.062386	0
-2.5421	0.29678	-0.032567	0
-2.6534	0.43781	0.020332	0
-2.4739	0.28337	-0.085778	0
-2.4796	0.28446	-0.011442	0
-2.4334	0.48583	0.068621	0
-2.7395	0.36442	-0.087559	0
-2.7208	0.41135	-0.024942	0
-2.3589	0.26386	0.035675	0
-2.6361	0.44284	-0.086263	0
-2.7326	0.3585	0.086214	0
-2.4314	0.48621	0.010385	0
-2.7272	0.35475	-0.065552	0
-2.5251	0.46882	-0.062111	0
-2.7303	0.40553	0.067503	0
-2.5249	0.46885	-0.088348	0
-2.6566	0.43691	0.048871	0
-2.62	0.44724	-0.046394	0
-2.7294	0.40616	0.0018163	0
-2.6472	0.32251	-0.0038915	0
-2.7261	0.35409	-0.03119	0
-2.5969	0.30913	-0.026353	0
-2.7023	0.34178	-0.047556	0
-2.7431	0.36836	0.01697	0
-2.7389	0.39853	-0.06682	0
-2.629	0.3174	-0.050825	0
-2.544	0.29711	-0.063687	0
-2.5466	0.4644	0.011869	0
-2.7003	0.42126	0.038978	0
-2.4261	0.48712	-0.0027608	0
-2.686	0.33523	0.087295	0
-2.4275	0.4869	-0.070092	0
-2.4388	0.48494	-0.046335	0
-2.678	0.42978	-0.08693	0
-2.6739	0.33094	0.023387	0
-2.3542	0.26311	-0.0018616	0
-2.5148	0.47091	-0.0080347	0
-2.5842	0.30603	0.088351	0
-2.5871	0.45542	0.06712	0
-2.6681	0.43328	-0.036551	0
-2.492	0.47531	-0.030464	0
-2.6156	0.44835	0.027743	0
-2.597	0.45304	-0.069784	0
-2.7006	0.42114	-0.051523	0
-2.6563	0.43693	-0.019717	0
-2.6009	0.45209	-0.017758	0
-2.7456	0.37245	0.085816	0
-2.7372	0.40009	-0.015962	0
-2.7451	0.39057	-0.087463	0
-2.7408	0.36592	0.029989	0
-2.7435	0.39334	-0.040429	0
-2.6281	0.31705	0.070952	0
-2.7475	0.38519	-0.005969	0
-2.5337	0.46712	-0.048878	0
-2.4533	0.27965	0.086958	0
-2.6573	0.32554	-0.019271	0
-2.3494	0.26234	-0.020711	0
-2.5447	0.29728	0.07121	0
-2.7251	0.40882	-0.073758	0
-2.7476	0.37835	0.070526	0
-2.634	0.44352	0.088626	0
-2.3587	0.26382	0.088206	0
-2.3551	0.26325	-0.087852	0
-2.5684	0.30247	-0.0077827	0
-2.6866	0.33549	0.0031738	0
-2.7449	0.39131	0.087355	0
-2.4701	0.28267	0.0014459	0
-2.6999	0.34076	-0.088108	0
-2.464	0.28155	0.039326	0
-2.4546	0.27989	-0.039834	0
-2.7124	0.34646	0.024822	0
-2.4718	0.28302	0.054022	0
-2.4584	0.28056	-0.055086	0
-2.7025	0.34189	-0.072513	0
-2.7148	0.41459	0.059618	0
-2.7337	0.3591	0.011991	0
-2.3437	0.26145	0.012116	0
-2.3375	0.26046	0.055553	0
-2.3413	0.26106	-0.053585	0
-2.7149	0.34764	-0.0084713	0
-2.7005	0.34087	0.070024	0
-2.6532	0.32424	-0.090412	0
-2.7476	0.3849	0.055255	0
-2.5599	0.46152	-0.072269	0
-2.581	0.30529	-0.089803	0
-2.6033	0.31066	0.02641	0
-2.6252	0.3163	0.016876	0
-2.7272	0.40753	-0.051444	0
-2.4517	0.27934	0.075144	0
-2.3414	0.26111	0.072863	0
-2.3447	0.26159	-0.072282	0
-2.5614	0.30082	0.047948	0
-2.7388	0.36335	0.064547	0
-2.7233	0.35232	-0.057755	0
-2.7181	0.4129	0.025863	0
-2.5946	0.45368	-0.02812	0
-2.4475	0.27861	0.017872	0
-2.5067	0.2896	-0.054998	0
-2.7374	0.4001	0.04347	0
-2.5622	0.30106	0.0081641	0
-2.5911	0.45449	0.089789	0
-2.4717	0.28298	-0.076276	0
-2.7027	0.3419	-0.018341	0
-2.4979	0.47419	0.090467	0
-2.7446	0.39171	0.078465	0
-2.7243	0.40943	0.045747	0
-2.4054	0.49063	0.045252	0
-2.6336	0.44367	0.06761	0
-2.6791	0.33278	0.077093	0
-2.653	0.32419	-0.07202	0
-2.7474	0.38581	-0.055228	0
-2.7421	0.36684	-0.046439	0
-2.6967	0.42291	-0.034875	0
-2.51	0.47184	0.059612	0
-2.5636	0.4608	0.074967	0
-2.6247	0.31615	0.090447	0
-2.4058	0.49056	0.024498	0
-2.4188	0.27362	-0.089969	0
-2.688	0.42622	-0.072716	0
-2.6764	0.43056	0.013555	0
-2.7479	0.37817	0.015412	0
-2.7341	0.40294	-0.037037	0
-2.3386	0.26066	-0.042536	0
-2.7085	0.34459	0.0010008	0
-2.748	0.38328	0.035521	0
-2.654	0.32449	0.056549	0
-2.7386	0.36308	0.039819	0
-2.677	0.33195	-0.035402	0
-2.6417	0.3208	-0.041754	0
-2.7082	0.41789	0.012207	0
-2.6915	0.4249	0.090568	0
-2.7178	0.4131	-0.089825	0
-2.6404	0.32052	0.037907	0
-2.7299	0.35641	0.076088	0
-2.5632	0.46084	0.034173	0
-2.5989	0.45258	0.050684	0
-2.4091	0.272	-0.023247	0
-2.6777	0.42998	0.05629	0
-2.7075	0.34405	0.090209	0
-2.5688	0.30252	-0.045413	0
-2.7154	0.34784	-0.038115	0
-2.7477	0.3835	-0.073011	0
-2.5917	0.30785	-0.077771	0
-2.7386	0.39889	0.0084661	0
-2.7302	0.40558	0.091996	0
-2.4899	0.47573	0.012219	0
-2.7476	0.38425	0.0042124	0
-2.5805	0.45689	-0.011411	0
-2.7373	0.36184	-0.025945	0
-2.5887	0.455	-0.090897	0
-2.73	0.35649	-0.091362	0
-2.5232	0.29283	-0.090136	0
-2.7406	0.36521	0.0017579	0
-2.5036	0.4731	0.03037	0
-2.5099	0.47188	0.049932	0
-2.6846	0.33474	-0.055731	0
-2.6649	0.43431	-0.0030492	0
-2.622	0.44674	-0.00094684	0
-2.4101	0.48983	-0.020326	0
-2.5353	0.29533	0.0907	0
-2.619	0.31459	0.048712	0
-2.5952	0.30865	0.064811	0
-2.7438	0.36923	0.049161	0
-2.7058	0.41897	-0.017277	0
-2.7053	0.41914	-0.0047387	0
-2.6811	0.33351	-0.067515	0
-2.4286	0.27534	0.067546	0
-2.3292	0.25922	-0.011571	0
-2.6209	0.31511	-0.059517	0
-2.6273	0.44535	-0.078003	0
-2.746	0.38914	-0.065425	0
-2.7061	0.34349	0.041431	0
-2.5616	0.4612	0.045238	0
-2.4289	0.27539	-0.061551	0
-2.3996	0.49155	0.09163	0
-2.7473	0.37595	-0.012666	0
-2.4957	0.28746	-0.019599	0
-2.4823	0.4771	-0.09134	0
-2.7329	0.40379	0.024907	0
-2.733	0.40365	-0.0082336	0
-2.4101	0.48983	0.060235	0
-2.7427	0.39446	0.053485	0
-2.3937	0.49253	-0.053867	0
-2.7212	0.35108	0.054813	0
-2.4138	0.27281	0.033287	0
-2.5012	0.47358	0.080176	0
-2.7201	0.41195	0.076826	0
-2.6416	0.44133	0.040049	0
-2.5078	0.47227	-0.020013	0
-2.5165	0.29153	-0.073518	0
-2.4051	0.49068	0.075767	0
-2.4009	0.49136	-0.036419	0
-2.6938	0.42404	0.079202	0
-2.7478	0.37922	0.047664	0
-2.7328	0.35855	-0.0083557	0
-2.7462	0.38882	-0.025258	0
-2.4197	0.27376	0.057314	0
-2.5027	0.2888	0.024547	0
-2.7338	0.35924	-0.074363	0
-2.4096	0.2721	-0.0015471	0
-2.5877	0.30686	-0.017457	0
-2.4825	0.47708	-0.050489	0
-2.7476	0.38397	0.091444	0
-2.4192	0.27368	-0.071617	0
-2.6613	0.32678	0.092621	0
-2.6854	0.33498	0.058813	0
-2.5037	0.28899	-0.037364	0
-2.7107	0.41672	-0.069944	0
-2.68	0.333	-0.024653	0
-2.4033	0.27105	0.091285	0
-2.7379	0.39945	0.061186	0
-2.3327	0.25974	0.043766	0
-2.6643	0.43448	0.092609	0
-2.5491	0.46385	0.065205	0
-2.7467	0.37459	-0.05611	0
-2.746	0.37301	-0.090888	0
-2.5255	0.29333	-0.0087991	0
-2.6418	0.44126	0.078643	0
-2.4743	0.47857	-0.0046266	0
-2.4039	0.49086	-0.011174	0
-2.4734	0.28332	0.010045	0
-2.6962	0.423	0.062981	0
-2.5553	0.29958	0.080888	0
-2.7399	0.36461	-0.015563	0
-2.4819	0.47722	-0.06705	0
-2.5286	0.4681	-0.037275	0
-2.7172	0.34885	0.016214	0
-2.3998	0.49152	-0.077953	0
-2.7448	0.37103	-0.064536	0
-2.6473	0.32256	-0.080909	0
-2.5621	0.30109	0.038418	0
-2.6748	0.43095	0.025499	0
-2.6245	0.31609	0.080475	0
-2.3268	0.25886	0.028199	0
-2.6006	0.31001	0.0096181	0
-2.6771	0.33202	0.01306	0
-2.7467	0.38729	0.022914	0
-2.7461	0.37335	0.07794	0
-2.4682	0.47972	0.044559	0
-2.6841	0.33452	0.043135	0
-2.6412	0.44145	-0.040684	0
-2.5148	0.29117	0.055499	0
-2.7164	0.34837	-0.024457	0
-2.6982	0.42218	-0.090836	0
-2.5966	0.45325	0.0079915	0
-2.5417	0.46547	0.0029943	0
-2.4991	0.28815	0.032702	0
-2.7076	0.34417	0.060056	0
-2.6293	0.31741	-0.02286	0
-2.7224	0.35163	0.045942	0
-2.6296	0.44468	0.047806	0
-2.6691	0.3293	0.034052	0
-2.7473	0.37622	-0.038695	0
-2.7479	0.38023	-0.022863	0
-2.318	0.25753	0.064402	0
-2.3196	0.25777	-0.063819	0
-2.6836	0.42785	0.04381	0
-2.7467	0.37431	-0.029582	0
-2.5871	0.30675	-0.067093	0
-2.6548	0.32479	0.018489	0
-2.7428	0.39424	-0.011429	0
-2.7479	0.38281	-0.091646	0
-2.4178	0.2735	-0.032637	0
-2.6896	0.42566	-0.044182	0
-2.6091	0.45007	-0.039135	0
-2.6194	0.31476	-0.032305	0
-2.5906	0.45457	0.024823	0
-2.7473	0.38586	-0.044965	0
-2.3958	0.49219	0.0043417	0
-2.6311	0.31789	0.0043644	0
-2.6202	0.31502	-0.0049602	0
-2.5654	0.46035	-0.064054	0
-2.7321	0.35813	0.03115	0
-2.6545	0.32469	0.075044	0
-2.7352	0.40192	-0.076162	0
-2.3999	0.49151	-0.091508	0
-2.7438	0.3692	-0.080323	0
-2.6359	0.44297	0.014083	0
-2.7394	0.39809	-0.091617	0
-2.7407	0.36536	0.091581	0
-2.3966	0.49205	0.034776	0
-2.3949	0.49232	0.014453	0
-2.6636	0.4347	-0.056542	0
-2.6553	0.43729	-0.091505	0
-2.3109	0.25646	-0.034236	0
-2.7188	0.4125	-0.033064	0
-2.5855	0.45579	-0.04857	0
-2.6334	0.44366	-0.068227	0
-2.3175	0.25745	0.0039589	0
-2.4546	0.48215	-0.076857	0
-2.3936	0.49253	-0.062445	0
-2.7415	0.39582	0.070398	0
-2.719	0.34985	0.0080956	0
-2.7447	0.37098	0.067728	0
-2.6445	0.44051	0.029318	0
-2.709	0.41741	0.032286	0
-2.6609	0.43557	-0.065431	0
-2.4738	0.47869	0.073526	0
-2.4916	0.28671	0.092308	0
-2.6816	0.33366	-0.092494	0
-2.679	0.42951	-0.018401	0
-2.7342	0.35959	-0.037338	0
-2.5228	0.46931	0.019869	0
-2.545	0.46472	0.093162	0
-2.4677	0.47979	0.063482	0
-2.6141	0.44878	-0.054107	0
-2.3192	0.25773	0.019159	0
-2.7409	0.39651	0.01896	0
-2.6951	0.33877	-0.039292	0
-2.3961	0.26985	-0.05607	0
-2.7433	0.39343	0.038044	0
-2.7382	0.36308	-0.065096	0
-2.4669	0.47993	-0.022735	0
-2.5997	0.30976	-0.048125	0
-2.5624	0.30111	-0.025979	0
-2.7141	0.41497	0.0034897	0
-2.6567	0.32537	-0.052964	0
-2.7466	0.3743	0.032539	0
-2.538	0.29589	0.019225	0
-2.7469	0.37521	-0.0025075	0
-2.4121	0.27252	0.024758	0
-2.3942	0.26953	0.015184	0
-2.7347	0.40232	-0.045821	0
-2.4534	0.48236	-0.036711	0
-2.4488	0.27886	-0.017007	0
-2.7277	0.35492	0.092871	0
-2.747	0.38641	-0.081001	0
-2.5866	0.30668	0.055628	0
-2.7144	0.41483	0.093183	0
-2.4885	0.47595	-0.082566	0
-2.7477	0.38244	0.063172	0
-2.4517	0.48265	0.092473	0
-2.7334	0.35901	-0.052318	0
-2.659	0.43611	-0.082922	0
-2.6431	0.44091	-0.051452	0
-2.5692	0.30265	0.025868	0
-2.5205	0.29234	0.0082823	0
-2.5633	0.30134	0.00018473	0
-2.5771	0.30443	-0.034734	0
-2.3984	0.27024	-0.038857	0
-2.6863	0.42678	0.071693	0
-2.3207	0.25793	0.081126	0
-2.3207	0.25793	-0.081126	0
-2.3915	0.26911	0.071857	0
-2.7184	0.34954	-0.073584	0
-2.4771	0.28396	-0.093177	0
-2.6201	0.31494	-0.093294	0
-2.7306	0.40523	-0.093263	0
-2.6648	0.32786	-0.010347	0
-2.727	0.40775	-0.017691	0
-2.5433	0.46512	-0.028795	0
-2.5536	0.4629	-0.092977	0
-2.6617	0.43528	-0.012607	0
-2.5166	0.29155	-0.027603	0
-2.4506	0.48287	0.031446	0
-2.4537	0.48231	0.0035111	0
-2.7146	0.34755	-0.092379	0
-2.7325	0.35842	0.057692	0
-2.7224	0.41052	-0.081249	0
-2.6252	0.44587	-0.092354	0
-2.4832	0.47692	0.037245	0
-2.6548	0.43744	0.06057	0
-2.7086	0.34466	0.032729	0
-2.6736	0.43136	0.004092	0
-2.4997	0.28825	0.072112	0
-2.535	0.46683	-0.07892	0
-2.7371	0.4001	0.034103	0
-2.5777	0.45754	0.082062	0
-2.7303	0.40541	-0.029541	0
-2.6035	0.45144	0.059545	0
-2.6673	0.43358	-0.027276	0
-2.7316	0.40468	-0.058815	0
-2.6101	0.44977	-0.0085466	0
-2.521	0.29244	0.064282	0
-2.392	0.49279	-0.027442	0
-2.3084	0.25609	-0.0045577	0
-2.7026	0.42025	-0.058914	0
-2.7472	0.37619	0.092785	0
-2.6383	0.31996	-0.065761	0
-2.7405	0.36534	0.081906	0
-2.4408	0.48456	-0.093598	0
-2.6868	0.42664	-0.002618	0
-2.5426	0.29687	-0.039646	0
-2.5052	0.28932	-0.081049	0
-2.6646	0.43441	0.07474	0
-2.7422	0.39496	-0.059544	0
-2.3906	0.49301	0.066983	0
-2.7401	0.365	-0.094268	0
-2.3129	0.25677	-0.027213	0
-2.7053	0.34316	-0.080515	0
-2.6232	0.3158	-0.077991	0
-2.7329	0.35867	-0.082828	0
-2.7447	0.39135	-0.032392	0
-2.6259	0.44569	0.021198	0
-2.5573	0.30003	-0.072536	0
-2.6974	0.33969	0.019359	0
-2.7246	0.40916	0.084664	0
-2.5561	0.46235	-0.0071651	0
-2.6889	0.42588	-0.080499	0
-2.4483	0.27877	-0.007606	0
-2.7467	0.37481	-0.072704	0
-2.6883	0.42609	0.032578	0
-2.7433	0.36864	0.009637	0
-2.4916	0.28672	-0.0050465	0
-2.3111	0.25649	0.035528	0
-2.7172	0.34898	0.072531	0
-2.3196	0.25777	0.092331	0
-2.3188	0.25765	-0.092412	0
-2.5496	0.46377	-0.056644	0
-2.7451	0.3715	0.023909	0
-2.74	0.36496	0.056247	0
-2.5249	0.29321	0.039278	0
-2.7379	0.36289	0.02279	0
-2.3983	0.27021	0.041111	0
-2.6779	0.33232	0.050878	0
-2.7469	0.38685	0.07119	0
-2.68	0.33307	-0.01596	0
-2.7235	0.40995	0.0090593	0
-2.631	0.44433	-0.023853	0
-2.7275	0.40744	-0.066771	0
-2.383	0.49425	-0.0046226	0
-2.7213	0.3512	0.085198	0
-2.378	0.26691	0.029511	0
-2.4981	0.47414	-0.057455	0
-2.3879	0.49348	0.053419	0
-2.3867	0.49365	-0.084984	0
-2.7209	0.351	0.02973	0
-2.661	0.32669	0.0038779	0
-2.742	0.39511	-0.020782	0
-2.6127	0.4491	-0.085438	0
-2.4336	0.27621	-0.080883	0
-2.3786	0.26701	-0.093327	0
-2.3721	0.26595	0.0059377	0
-2.7331	0.35893	-0.059595	0
-2.3863	0.49373	0.083736	0
-2.6004	0.45219	0.03231	0
-2.7272	0.40758	0.060347	0
-2.3844	0.49403	-0.045232	0
-2.7415	0.39581	-0.082771	0
-2.5693	0.45945	0.017653	0
-2.5992	0.3097	-0.0093285	0
-2.6349	0.44322	-0.015923	0
-2.5595	0.46161	-0.086014	0
-2.7156	0.41419	-0.054591	0
-2.721	0.41125	0.053473	0
-2.7171	0.4134	0.066588	0
-2.6231	0.4464	0.034259	0
-2.707	0.41828	-0.027052	0
-2.3652	0.26486	0.094656	0
-2.6857	0.33515	0.094243	0
-2.4385	0.48497	0.017496	0
-2.7207	0.41145	-0.0037985	0
-2.7346	0.40232	-0.022865	0
-2.7149	0.34771	-0.065755	0
-2.5258	0.46869	-0.069669	0
-2.6068	0.45063	-0.062131	0
-2.635	0.31899	0.063015	0
-2.6828	0.42813	-0.053067	0
-2.7396	0.39782	0.092355	0
-2.583	0.3058	0.032767	0
-2.5465	0.2977	-0.053243	0
-2.7195	0.41221	0.018333	0
-2.7158	0.41403	0.03947	0
-2.6157	0.31385	0.033305	0
-2.6964	0.33934	0.081499	0
-2.4462	0.27838	0.047434	0
-2.477	0.28394	-0.046841	0
-2.6931	0.33799	0.027996	0
-2.7083	0.3445	-0.055936	0
-2.7443	0.39197	0.0060556	0
-2.6708	0.32992	-0.0028752	0
-2.7189	0.34981	-0.048377	0
